City,Location,Bedrooms,Price_INR,Area_sqft,Price_per_sqft,Estimated_Monthly_Rent,Gross_Rental_Yield_%,Annual_Rent,Annual_Expenses,NOI,Cap_Rate_%,Down_Payment,Loan_Amount,Monthly_EMI,Annual_EMI,Annual_Cash_Flow,Cash_on_Cash_%,ROI_5_Year_%
Akurdi,Dattawadi,3,8148000,,10410,32592,4.8,391104,136886,254218,3.12,1629600,6518400,58648,703773,-449555,-27.59,-137.93
Tathawade,Dattwadi,2,5862000,,,23448,4.8,281376,98482,182894,3.12,1172400,4689600,42194,506323,-323428,-27.59,-137.93
Maan,,,4358000,,2700,17432,4.8,209184,73214,135970,3.12,871600,3486400,31368,376417,-240447,-27.59,-137.93
Mundhwa,Magarpatta City,2,9497000,,11770,37988,4.8,455856,159550,296306,3.12,1899400,7597600,68358,820291,-523985,-27.59,-137.93
Mundhwa,Mundhwa Industrial Area,3,7800000,,10400,31200,4.8,374400,131040,243360,3.12,1560000,6240000,56143,673715,-430355,-27.59,-137.93
Pisoli,,2,2089000,,5080,8356,4.8,100272,35095,65177,3.12,417800,1671200,15036,180435,-115258,-27.59,-137.93
Mamurdi,,3,4347000,,8720,17388,4.8,208656,73030,135626,3.12,869400,3477600,31289,375466,-239840,-27.59,-137.93
Hinjawadi Phase 2,,3,9100000,,,36400,4.8,436800,152880,283920,3.12,1820000,7280000,65500,786001,-502081,-27.59,-137.93
Pimple Saudagar,,3.5,6046000,,8670,24184,4.8,290208,101573,188635,3.12,1209200,4836800,43518,522215,-333580,-27.59,-137.93
Upper Kharadi,,3,5977000,,12960,23908,4.8,286896,100414,186482,3.12,1195400,4781600,43021,516256,-329773,-27.59,-137.93
Baner,,5,27600000,,,110400,4.8,1324800,463680,861120,3.12,5520000,22080000,198659,2383914,-1522794,-27.59,-137.93
Maan,,3,8232000,,11810,32928,4.8,395136,138298,256838,3.12,1646400,6585600,59252,711028,-454190,-27.59,-137.93
Charholi Budruk,Chovisawadi,4,4107000,,5450,16428,4.8,197136,68998,128138,3.12,821400,3285600,29561,354737,-226598,-27.59,-137.93
Kharadi,,3,7454000,,14360,29816,4.8,357792,125227,232565,3.12,1490800,5963200,53652,643829,-411265,-27.59,-137.93
Mundhwa,Mundhwa Industrial Area,4,16900000,,18520,67600,4.8,811200,283920,527280,3.12,3380000,13520000,121643,1459715,-932435,-27.59,-137.93
Punawale,Dattwadi,2.5,5739000,,8660,22956,4.8,275472,96415,179057,3.12,1147800,4591200,41308,495699,-316642,-27.59,-137.93
Wakad,Kemse Vasti,3.5,7664000,,12200,30656,4.8,367872,128755,239117,3.12,1532800,6131200,55164,661968,-422851,-27.59,-137.93
Viman Nagar,Clover Park,3,13700000,,17090,54800,4.8,657600,230160,427440,3.12,2740000,10960000,98610,1183320,-755880,-27.59,-137.93
Baner,Lalit Estate,4,13000000,,14820,52000,4.8,624000,218400,405600,3.12,2600000,10400000,93571,1122858,-717258,-27.59,-137.93
Chinchwad,,3,8643000,,13020,34572,4.8,414864,145202,269662,3.12,1728600,6914400,62211,746528,-476866,-27.59,-137.93
Mamurdi,Saint Tukaram Nagar,3,5598000,,9090,22392,4.8,268704,94046,174658,3.12,1119600,4478400,40293,483520,-308862,-27.59,-137.93
Moshi,Moshi Gaon,2,4728000,,5280,18912,4.8,226944,79430,147514,3.12,945600,3782400,34031,408375,-260861,-27.59,-137.93
Ravet,,3,7096000,,8540,28384,4.8,340608,119213,221395,3.12,1419200,5676800,51076,612908,-391513,-27.59,-137.93
Baner,,3,8454000,,12790,33816,4.8,405792,142027,263765,3.12,1690800,6763200,60850,730203,-466438,-27.59,-137.93
Mohammed Wadi,,3,14400000,,,57600,4.8,691200,241920,449280,3.12,2880000,11520000,103648,1243781,-794501,-27.59,-137.93
Kharadi,Thite Nagar,4,5025000,,7750,20100,4.8,241200,84420,156780,3.12,1005000,4020000,36169,434028,-277248,-27.59,-137.93
Kharadi,,3,7454000,,14360,29816,4.8,357792,125227,232565,3.12,1490800,5963200,53652,643829,-411265,-27.59,-137.93
Ravet,,3,7800000,,,31200,4.8,374400,131040,243360,3.12,1560000,6240000,56143,673715,-430355,-27.59,-137.93
Sus,,3,3684000,,9100,14736,4.8,176832,61891,114941,3.12,736800,2947200,26517,318201,-203260,-27.59,-137.93
Chinchwad,,3,8643000,,13020,34572,4.8,414864,145202,269662,3.12,1728600,6914400,62211,746528,-476866,-27.59,-137.93
Wakad,Kemse Vasti,3.5,7664000,,12200,30656,4.8,367872,128755,239117,3.12,1532800,6131200,55164,661968,-422851,-27.59,-137.93
Wakad,,3,6987000,,,27948,4.8,335376,117382,217994,3.12,1397400,5589600,50291,603493,-385499,-27.59,-137.93
Pisoli,,3,2884000,,8000,11536,4.8,138432,48451,89981,3.12,576800,2307200,20758,249102,-159121,-27.59,-137.93
Pisoli,,2,2089000,,5080,8356,4.8,100272,35095,65177,3.12,417800,1671200,15036,180435,-115258,-27.59,-137.93
Wakad,Shankar Kalat Nagar,4,14200000,,12960,56800,4.8,681600,238560,443040,3.12,2840000,11360000,102209,1226506,-783466,-27.59,-137.93
Bhukum,,2,3322000,,7230,13288,4.8,159456,55810,103646,3.12,664400,2657600,23911,286933,-183287,-27.59,-137.93
Baner,,3,8454000,,12790,33816,4.8,405792,142027,263765,3.12,1690800,6763200,60850,730203,-466438,-27.59,-137.93
Hinjawadi,Hinjawadi Phase 1,2,7441000,,9780,29764,4.8,357168,125009,232159,3.12,1488200,5952800,53559,642707,-410547,-27.59,-137.93
Mamurdi,Saint Tukaram Nagar,3,5832000,,9940,23328,4.8,279936,97978,181958,3.12,1166400,4665600,41978,503731,-321773,-27.59,-137.93
Hadapsar,,3,12600000,,15490,50400,4.8,604800,211680,393120,3.12,2520000,10080000,90692,1088309,-695189,-27.59,-137.93
Mamurdi,Saint Tukaram Nagar,3,6016000,,9240,24064,4.8,288768,101069,187699,3.12,1203200,4812800,43302,519624,-331925,-27.59,-137.93
Tathawade,Dattwadi,3,7400000,,9790,29600,4.8,355200,124320,230880,3.12,1480000,5920000,53264,639165,-408285,-27.59,-137.93
Mohammed Wadi,,2,6960000,,9940,27840,4.8,334080,116928,217152,3.12,1392000,5568000,50097,601161,-384009,-27.59,-137.93
Mundhwa,Mundhwa Industrial Area,3,7800000,,10400,31200,4.8,374400,131040,243360,3.12,1560000,6240000,56143,673715,-430355,-27.59,-137.93
Kiwale,Kotwal Nagar,2,3681000,,8560,14724,4.8,176688,61841,114847,3.12,736200,2944800,26495,317942,-203094,-27.59,-137.93
Erandwane,Prabhag 36,4,28800000,,26790,115200,4.8,1382400,483840,898560,3.12,5760000,23040000,207297,2487562,-1589002,-27.59,-137.93
Punawale,Dattwadi,3,8200000,,10850,32800,4.8,393600,137760,255840,3.12,1640000,6560000,59022,708264,-452424,-27.59,-137.93
Hinjawadi,,4,11900000,,12600,47600,4.8,571200,199920,371280,3.12,2380000,9520000,85654,1027847,-656567,-27.59,-137.93
Talegaon Dabhade,Yashwant Nagar,3,3500000,,5810,14000,4.8,168000,58800,109200,3.12,700000,2800000,25192,302308,-193108,-27.59,-137.93
Upper Kharadi,,3,5977000,,12960,23908,4.8,286896,100414,186482,3.12,1195400,4781600,43021,516256,-329773,-27.59,-137.93
Ravet,,3,5521000,,10660,22084,4.8,265008,92753,172255,3.12,1104200,4416800,39739,476869,-304614,-27.59,-137.93
Mamurdi,Saint Tukaram Nagar,3,7993000,,10490,31972,4.8,383664,134282,249382,3.12,1598600,6394400,57532,690385,-441003,-27.59,-137.93
Mahalunge,,3,6854000,,11420,27416,4.8,328992,115147,213845,3.12,1370800,5483200,49334,592005,-378160,-27.59,-137.93
Kharadi,Rakshak Nagar,3,6804000,,11650,27216,4.8,326592,114307,212285,3.12,1360800,5443200,48974,587687,-375402,-27.59,-137.93
Kharadi,Tulaja Bhawani Nagar,3,12000000,,12950,48000,4.8,576000,201600,374400,3.12,2400000,9600000,86374,1036484,-662084,-27.59,-137.93
Sinhagad Road,Anand Nagar,4.5,15900000,,,63600,4.8,763200,267120,496080,3.12,3180000,12720000,114445,1373342,-877262,-27.59,-137.93
Mamurdi,Saint Tukaram Nagar,3,7993000,,10490,31972,4.8,383664,134282,249382,3.12,1598600,6394400,57532,690385,-441003,-27.59,-137.93
Ravet,,4,9000000,,,36000,4.8,432000,151200,280800,3.12,1800000,7200000,64780,777363,-496563,-27.59,-137.93
Mahalunge,,3,4832000,,11420,19328,4.8,231936,81178,150758,3.12,966400,3865600,34780,417358,-266599,-27.59,-137.93
Vadgaon Budruk,Jadhav Nagar,2,4648000,,7000,18592,4.8,223104,78086,145018,3.12,929600,3718400,33455,401465,-256447,-27.59,-137.93
Hinjawadi,Hinjawadi Phase 1,3,7300000,,,29200,4.8,350400,122640,227760,3.12,1460000,5840000,52544,630528,-402768,-27.59,-137.93
Hinjawadi,Hinjawadi Phase 1,3,8000000,,,32000,4.8,384000,134400,249600,3.12,1600000,6400000,57582,690990,-441390,-27.59,-137.93
Lohegaon,,4.5,6440000,,,25760,4.8,309120,108192,200928,3.12,1288000,5152000,46354,556247,-355319,-27.59,-137.93
Balewadi,,6,16000000,,12950,64000,4.8,768000,268800,499200,3.12,3200000,12800000,115165,1381979,-882779,-27.59,-137.93
Kharadi,Ashoka Nagar,3,7423000,,,29692,4.8,356304,124706,231598,3.12,1484600,5938400,53429,641152,-409554,-27.59,-137.93
Balewadi,,3,11600000,,13080,46400,4.8,556800,194880,361920,3.12,2320000,9280000,83495,1001935,-640015,-27.59,-137.93
Sadashiv Peth,Laxmi Park Colony,4,16900000,,18410,67600,4.8,811200,283920,527280,3.12,3380000,13520000,121643,1459715,-932435,-27.59,-137.93
Charholi Budruk,Wadmukhwadi,2,3987000,,7970,15948,4.8,191376,66982,124394,3.12,797400,3189600,28698,344372,-219978,-27.59,-137.93
Fursungi,,2,2713000,,5320,10852,4.8,130224,45578,84646,3.12,542600,2170400,19528,234332,-149686,-27.59,-137.93
Kiwale,Kotwal Nagar,3,18300000,,9670,73200,4.8,878400,307440,570960,3.12,3660000,14640000,131720,1580639,-1009679,-27.59,-137.93
Tathawade,Ram Nagar,3,8242000,,10510,32968,4.8,395616,138466,257150,3.12,1648400,6593600,59324,711892,-454742,-27.59,-137.93
Mundhwa,Magarpatta City,4,9747000,,13430,38988,4.8,467856,163750,304106,3.12,1949400,7797600,70157,841884,-537778,-27.59,-137.93
Mundhwa,Magarpatta City,2,9497000,,11770,37988,4.8,455856,159550,296306,3.12,1899400,7597600,68358,820291,-523985,-27.59,-137.93
Kiwale,Kotwal Nagar,3,6531000,,10650,26124,4.8,313488,109721,203767,3.12,1306200,5224800,47009,564107,-360339,-27.59,-137.93
Mundhwa,Koregaon Park Annexe,3,13300000,,17840,53200,4.8,638400,223440,414960,3.12,2660000,10640000,95731,1148770,-733810,-27.59,-137.93
Kiwale,Kotwal Nagar,4,9037000,,9540,36148,4.8,433776,151822,281954,3.12,1807400,7229600,65047,780559,-498605,-27.59,-137.93
Chokhi Dhani,,4,9817000,,12870,39268,4.8,471216,164926,306290,3.12,1963400,7853600,70661,847931,-541640,-27.59,-137.93
Moshi,MIDC,3,7019000,,8920,28076,4.8,336912,117919,218993,3.12,1403800,5615200,50521,606257,-387264,-27.59,-137.93
Bavdhan,Patil Nagar,3,8201000,,12180,32804,4.8,393648,137777,255871,3.12,1640200,6560800,59029,708351,-452479,-27.59,-137.93
Moshi,Bankar Vasti,3,5133000,,7100,20532,4.8,246384,86234,160150,3.12,1026600,4106400,36946,443356,-283207,-27.59,-137.93
Moshi,Tupe Vasti,2,4351000,,6880,17404,4.8,208848,73097,135751,3.12,870200,3480800,31318,375812,-240061,-27.59,-137.93
Kiwale,,3,4226000,,9440,16904,4.8,202848,70997,131851,3.12,845200,3380800,30418,365015,-233164,-27.59,-137.93
Tathawade,Dattwadi,3,6698000,,9560,26792,4.8,321504,112526,208978,3.12,1339600,5358400,48211,578531,-369553,-27.59,-137.93
Tathawade,Dattwadi,3,8000000,,13290,32000,4.8,384000,134400,249600,3.12,1600000,6400000,57582,690990,-441390,-27.59,-137.93
Undri,Shree Siddhivinayak Meera,2,4670000,,7530,18680,4.8,224160,78456,145704,3.12,934000,3736000,33614,403365,-257661,-27.59,-137.93
Kharadi,,4,9802000,,12190,39208,4.8,470496,164674,305822,3.12,1960400,7841600,70553,846635,-540813,-27.59,-137.93
Chokhi Dhani,,3,8997000,,12410,35988,4.8,431856,151150,280706,3.12,1799400,7197600,64759,777104,-496398,-27.59,-137.93
Punawale,Dattwadi,3,8200000,,10850,32800,4.8,393600,137760,255840,3.12,1640000,6560000,59022,708264,-452424,-27.59,-137.93
Kharadi,Tulaja Bhawani Nagar,4,9420000,,12350,37680,4.8,452160,158256,293904,3.12,1884000,7536000,67803,813640,-519736,-27.59,-137.93
Undri,Tarawade Vasti,3,8450000,,10070,33800,4.8,405600,141960,263640,3.12,1690000,6760000,60821,729858,-466218,-27.59,-137.93
Hadapsar,,3,12100000,,15620,48400,4.8,580800,203280,377520,3.12,2420000,9680000,87093,1045122,-667602,-27.59,-137.93
Chinchwad,MIDC,4,12500000,,17430,50000,4.8,600000,210000,390000,3.12,2500000,10000000,89973,1079671,-689671,-27.59,-137.93
Hinjawadi Phase 3,,2,6694000,,10730,26776,4.8,321312,112459,208853,3.12,1338800,5355200,48182,578185,-369333,-27.59,-137.93
Pimpri,MIDC,4,15100000,,13050,60400,4.8,724800,253680,471120,3.12,3020000,12080000,108687,1304243,-833123,-27.59,-137.93
Keshav Nagar,,3,4525000,,9180,18100,4.8,217200,76020,141180,3.12,905000,3620000,32570,390841,-249661,-27.59,-137.93
Vadgaon Budruk,Minakshi Puram,2,4526000,,9860,18104,4.8,217248,76037,141211,3.12,905200,3620800,32577,390927,-249716,-27.59,-137.93
Tathawade,Dattwadi,4,4349000,,10560,17396,4.8,208752,73063,135689,3.12,869800,3479200,31303,375639,-239950,-27.59,-137.93
Balewadi,,4,16600000,,14710,66400,4.8,796800,278880,517920,3.12,3320000,13280000,119484,1433803,-915883,-27.59,-137.93
Balewadi,,4,12600000,,,50400,4.8,604800,211680,393120,3.12,2520000,10080000,90692,1088309,-695189,-27.59,-137.93
Balewadi,,6,16000000,,12950,64000,4.8,768000,268800,499200,3.12,3200000,12800000,115165,1381979,-882779,-27.59,-137.93
Balewadi,,4,12000000,,,48000,4.8,576000,201600,374400,3.12,2400000,9600000,86374,1036484,-662084,-27.59,-137.93
Balewadi,Patil Nagar,7,15300000,,14120,61200,4.8,734400,257040,477360,3.12,3060000,12240000,110126,1321517,-844157,-27.59,-137.93
Baner,,4.5,29500000,,16810,118000,4.8,1416000,495600,920400,3.12,5900000,23600000,212335,2548024,-1627624,-27.59,-137.93
Dhanori,,2.5,3795000,,9840,15180,4.8,182160,63756,118404,3.12,759000,3036000,27316,327788,-209384,-27.59,-137.93
Dhanori,Laxmi Nagar,3,6119000,,8680,24476,4.8,293712,102799,190913,3.12,1223800,4895200,44043,528521,-337608,-27.59,-137.93
Baner,,3,16500000,,17880,66000,4.8,792000,277200,514800,3.12,3300000,13200000,118764,1425166,-910366,-27.59,-137.93
Mamurdi,Saint Tukaram Nagar,3,4703000,,,18812,4.8,225744,79010,146734,3.12,940600,3762400,33851,406215,-259482,-27.59,-137.93
Dhanori,Laxmi Nagar,3,6699000,,9590,26796,4.8,321552,112543,209009,3.12,1339800,5359200,48218,578617,-369609,-27.59,-137.93
Tathawade,,2,7491000,,11470,29964,4.8,359568,125849,233719,3.12,1498200,5992800,53919,647025,-413306,-27.59,-137.93
Pisoli,,2,3251000,,,13004,4.8,156048,54617,101431,3.12,650200,2600800,23400,280801,-179370,-27.59,-137.93
Baner,,3,18500000,,15550,74000,4.8,888000,310800,577200,3.12,3700000,14800000,133159,1597913,-1020713,-27.59,-137.93
Mundhwa,Koregaon Park Annexe,4,13600000,,14790,54400,4.8,652800,228480,424320,3.12,2720000,10880000,97890,1174682,-750362,-27.59,-137.93
Mundhwa,Koregaon Park Annexe,4,18700000,,,74800,4.8,897600,314160,583440,3.12,3740000,14960000,134599,1615188,-1031748,-27.59,-137.93
Akurdi,Ganga Nagar,4,11900000,,14610,47600,4.8,571200,199920,371280,3.12,2380000,9520000,85654,1027847,-656567,-27.59,-137.93
Mundhwa,Magarpatta City,3,5174000,,9730,20696,4.8,248352,86923,161429,3.12,1034800,4139200,37241,446897,-285469,-27.59,-137.93
Mundhwa,Sharad Nagar,3,9000000,,,36000,4.8,432000,151200,280800,3.12,1800000,7200000,64780,777363,-496563,-27.59,-137.93
Hinjawadi Phase 2,,3,5470000,,10500,21880,4.8,262560,91896,170664,3.12,1094000,4376000,39372,472464,-301800,-27.59,-137.93
Keshav Nagar,,3,7579000,,10040,30316,4.8,363792,127327,236465,3.12,1515800,6063200,54552,654626,-418161,-27.59,-137.93
Ravet,,4,6949000,,9900,27796,4.8,333552,116743,216809,3.12,1389800,5559200,50018,600211,-383402,-27.59,-137.93
Undri,Hills & Dales,3,6804000,,10660,27216,4.8,326592,114307,212285,3.12,1360800,5443200,48974,587687,-375402,-27.59,-137.93
Punawale,Dattwadi,4,9260000,,10950,37040,4.8,444480,155568,288912,3.12,1852000,7408000,66652,799820,-510908,-27.59,-137.93
Mundhwa,Magarpatta City,3,7336000,,12990,29344,4.8,352128,123245,228883,3.12,1467200,5868800,52803,633637,-404754,-27.59,-137.93
Kiwale,Mukai Nagar,2,12000000,,11160,48000,4.8,576000,201600,374400,3.12,2400000,9600000,86374,1036484,-662084,-27.59,-137.93
Mundhwa,,4,5623000,,9000,22492,4.8,269904,94466,175438,3.12,1124600,4498400,40473,485679,-310242,-27.59,-137.93
Undri,Shree Siddhivinayak Meera,3,6531000,,8810,26124,4.8,313488,109721,203767,3.12,1306200,5224800,47009,564107,-360339,-27.59,-137.93
Karve Nagar,Hingne Budrukh,3,15900000,,17810,63600,4.8,763200,267120,496080,3.12,3180000,12720000,114445,1373342,-877262,-27.59,-137.93
Wanowrie,,3,11500000,,14300,46000,4.8,552000,193200,358800,3.12,2300000,9200000,82775,993297,-634497,-27.59,-137.93
Kiwale,Kotwal Nagar,4,7599000,,9890,30396,4.8,364752,127663,237089,3.12,1519800,6079200,54696,656354,-419265,-27.59,-137.93
Charholi Budruk,Chovisawadi,3,5007000,,7230,20028,4.8,240336,84118,156218,3.12,1001400,4005600,36039,432473,-276255,-27.59,-137.93
Moshi,,3,5104000,,7270,20416,4.8,244992,85747,159245,3.12,1020800,4083200,36738,440851,-281607,-27.59,-137.93
Kiwale,Kotwal Nagar,4,4132000,,7500,16528,4.8,198336,69418,128918,3.12,826400,3305600,29741,356896,-227978,-27.59,-137.93
Undri,Bellagio,2,3113000,,6410,12452,4.8,149424,52298,97126,3.12,622600,2490400,22407,268881,-171756,-27.59,-137.93
Charholi Budruk,,2,4830000,,,19320,4.8,231840,81144,150696,3.12,966000,3864000,34765,417185,-266489,-27.59,-137.93
Moshi,MIDC,3,3979000,,7740,15916,4.8,190992,66847,124145,3.12,795800,3183200,28640,343681,-219536,-27.59,-137.93
Spine Road,MIDC,3,5602000,,,22408,4.8,268896,94114,174782,3.12,1120400,4481600,40322,483865,-309083,-27.59,-137.93
Charholi Budruk,Wadmukhwadi,3,3410000,,7880,13640,4.8,163680,57288,106392,3.12,682000,2728000,24545,294534,-188142,-27.59,-137.93
Pashan,,3,16100000,,17570,64400,4.8,772800,270480,502320,3.12,3220000,12880000,115885,1390616,-888296,-27.59,-137.93
Tathawade,Ram Nagar,2,7990000,,9990,31960,4.8,383520,134232,249288,3.12,1598000,6392000,57510,690126,-440838,-27.59,-137.93
Dudulgaon,,3,5471000,,7460,21884,4.8,262608,91913,170695,3.12,1094200,4376800,39379,472550,-301855,-27.59,-137.93
Hinjawadi Phase 2,,3,5470000,,10500,21880,4.8,262560,91896,170664,3.12,1094000,4376000,39372,472464,-301800,-27.59,-137.93
Baner,Mohan Nagar Co-Op Society,2,7927000,,11010,31708,4.8,380496,133174,247322,3.12,1585400,6341600,57057,684684,-437362,-27.59,-137.93
Baner,,3,11100000,,12840,44400,4.8,532800,186480,346320,3.12,2220000,8880000,79896,958748,-612428,-27.59,-137.93
Dudulgaon,,3,5714000,,6920,22856,4.8,274272,95995,178277,3.12,1142800,4571200,41128,493539,-315262,-27.59,-137.93
Baner,,2,9000000,,10660,36000,4.8,432000,151200,280800,3.12,1800000,7200000,64780,777363,-496563,-27.59,-137.93
Ambegaon Budruk,Datta Nager,2,3500000,,8470,14000,4.8,168000,58800,109200,3.12,700000,2800000,25192,302308,-193108,-27.59,-137.93
Balewadi,,4,16600000,,14710,66400,4.8,796800,278880,517920,3.12,3320000,13280000,119484,1433803,-915883,-27.59,-137.93
Balewadi,,4,12600000,,,50400,4.8,604800,211680,393120,3.12,2520000,10080000,90692,1088309,-695189,-27.59,-137.93
Balewadi,Patil Nagar,4,12400000,,,49600,4.8,595200,208320,386880,3.12,2480000,9920000,89253,1071034,-684154,-27.59,-137.93
Balewadi,,3,9554000,,14860,38216,4.8,458592,160507,298085,3.12,1910800,7643200,68768,825214,-527129,-27.59,-137.93
Manjari Khurd,,2,6854000,,14120,27416,4.8,328992,115147,213845,3.12,1370800,5483200,49334,592005,-378160,-27.59,-137.93
Balewadi,,4,10400000,,11690,41600,4.8,499200,174720,324480,3.12,2080000,8320000,74857,898286,-573806,-27.59,-137.93
Balewadi,Patil Nagar,3,7618000,,13930,30472,4.8,365664,127982,237682,3.12,1523600,6094400,54833,657995,-420313,-27.59,-137.93
Punawale,Dattwadi,4,9260000,,10950,37040,4.8,444480,155568,288912,3.12,1852000,7408000,66652,799820,-510908,-27.59,-137.93
Punawale,,3,7400000,,10560,29600,4.8,355200,124320,230880,3.12,1480000,5920000,53264,639165,-408285,-27.59,-137.93
Punawale,Dattwadi,2.5,7222000,,9860,28888,4.8,346656,121330,225326,3.12,1444400,5777600,51983,623791,-398464,-27.59,-137.93
Mundhwa,Magarpatta City,3,7336000,,12990,29344,4.8,352128,123245,228883,3.12,1467200,5868800,52803,633637,-404754,-27.59,-137.93
Punawale,Dattwadi,3,8160000,,9470,32640,4.8,391680,137088,254592,3.12,1632000,6528000,58734,704809,-450217,-27.59,-137.93
Mundhwa,Magarpatta City,3,5174000,,9730,20696,4.8,248352,86923,161429,3.12,1034800,4139200,37241,446897,-285469,-27.59,-137.93
Mamurdi,Saint Tukaram Nagar,3,5832000,,9940,23328,4.8,279936,97978,181958,3.12,1166400,4665600,41978,503731,-321773,-27.59,-137.93
Undri,Hills & Dales,3,6804000,,10660,27216,4.8,326592,114307,212285,3.12,1360800,5443200,48974,587687,-375402,-27.59,-137.93
Mundhwa,,4,5623000,,9000,22492,4.8,269904,94466,175438,3.12,1124600,4498400,40473,485679,-310242,-27.59,-137.93
Balewadi,,3,14300000,,,57200,4.8,686400,240240,446160,3.12,2860000,11440000,102929,1235144,-788984,-27.59,-137.93
Mamurdi,Saint Tukaram Nagar,3,5598000,,9090,22392,4.8,268704,94046,174658,3.12,1119600,4478400,40293,483520,-308862,-27.59,-137.93
Dudulgaon,,3,5639000,,7720,22556,4.8,270672,94735,175937,3.12,1127800,4511200,40588,487061,-311124,-27.59,-137.93
Charholi Budruk,Wadmukhwadi,2,3799000,,,15196,4.8,182352,63823,118529,3.12,759800,3039200,27344,328134,-209605,-27.59,-137.93
Punawale,Dattwadi,2,6541000,,9650,26164,4.8,313968,109889,204079,3.12,1308200,5232800,47081,564970,-360891,-27.59,-137.93
Kothrud,Jijai Nagar,3,13500000,,,54000,4.8,648000,226800,421200,3.12,2700000,10800000,97170,1166045,-744845,-27.59,-137.93
Charholi Budruk,Chovisawadi,3,5007000,,7230,20028,4.8,240336,84118,156218,3.12,1001400,4005600,36039,432473,-276255,-27.59,-137.93
Punawale,Dattwadi,2,6225000,,8890,24900,4.8,298800,104580,194220,3.12,1245000,4980000,44806,537676,-343456,-27.59,-137.93
Keshav Nagar,,3,4525000,,9180,18100,4.8,217200,76020,141180,3.12,905000,3620000,32570,390841,-249661,-27.59,-137.93
Charholi Budruk,,2,4830000,,,19320,4.8,231840,81144,150696,3.12,966000,3864000,34765,417185,-266489,-27.59,-137.93
Dudulgaon,,3,4847000,,6980,19388,4.8,232656,81430,151226,3.12,969400,3877600,34888,418653,-267427,-27.59,-137.93
Narhe,,2,4402000,,9290,17608,4.8,211296,73954,137342,3.12,880400,3521600,31685,380217,-242875,-27.59,-137.93
Handewadi,Pandhari Nagar,3,4442000,,7660,17768,4.8,213216,74626,138590,3.12,888400,3553600,31973,383672,-245082,-27.59,-137.93
Punawale,Dattwadi,3,5654000,,9190,22616,4.8,271392,94987,176405,3.12,1130800,4523200,40696,488357,-311952,-27.59,-137.93
Viman Nagar,Mhada Colony,3,13300000,,,53200,4.8,638400,223440,414960,3.12,2660000,10640000,95731,1148770,-733810,-27.59,-137.93
Mamurdi,,3,4347000,,8720,17388,4.8,208656,73030,135626,3.12,869400,3477600,31289,375466,-239840,-27.59,-137.93
Kondhwa,Tyni Audyogic Wasahat,2,2457000,,6680,9828,4.8,117936,41278,76658,3.12,491400,1965600,17685,212220,-135562,-27.59,-137.93
Charholi Budruk,PathareMala,3,5238000,,,20952,4.8,251424,87998,163426,3.12,1047600,4190400,37702,452425,-289000,-27.59,-137.93
Hinjawadi,Hinjawadi Phase 1,3,13600000,,12000,54400,4.8,652800,228480,424320,3.12,2720000,10880000,97890,1174682,-750362,-27.59,-137.93
Pashan,,4,22800000,,17240,91200,4.8,1094400,383040,711360,3.12,4560000,18240000,164110,1969320,-1257960,-27.59,-137.93
Hinjawadi,Hinjawadi Phase 1,3,7108000,,9850,28432,4.8,341184,119414,221770,3.12,1421600,5686400,51162,613944,-392175,-27.59,-137.93
Bavdhan,,5,26100000,,16260,104400,4.8,1252800,438480,814320,3.12,5220000,20880000,187863,2254353,-1440033,-27.59,-137.93
Tathawade,Dattwadi,3,9494000,,11730,37976,4.8,455712,159499,296213,3.12,1898800,7595200,68336,820032,-523819,-27.59,-137.93
Wakad,Shankar Kalat Nagar,4,8000000,,11160,32000,4.8,384000,134400,249600,3.12,1600000,6400000,57582,690990,-441390,-27.59,-137.93
Tathawade,Dattwadi,4,9379000,,8720,37516,4.8,450192,157567,292625,3.12,1875800,7503200,67508,810099,-517474,-27.59,-137.93
Hinjawadi,,5.5,6558000,,,26232,4.8,314784,110174,204610,3.12,1311600,5246400,47203,566439,-361829,-27.59,-137.93
Moshi,,3,5104000,,7270,20416,4.8,244992,85747,159245,3.12,1020800,4083200,36738,440851,-281607,-27.59,-137.93
Kiwale,,3,6846000,,9250,27384,4.8,328608,115013,213595,3.12,1369200,5476800,49276,591314,-377719,-27.59,-137.93
Hinjawadi,,3,7400000,,12050,29600,4.8,355200,124320,230880,3.12,1480000,5920000,53264,639165,-408285,-27.59,-137.93
Nanded,Industrial Area,4,18800000,,,75200,4.8,902400,315840,586560,3.12,3760000,15040000,135319,1623825,-1037265,-27.59,-137.93
Moshi,MIDC,3,7019000,,8920,28076,4.8,336912,117919,218993,3.12,1403800,5615200,50521,606257,-387264,-27.59,-137.93
Ravet,,3,5147000,,10860,20588,4.8,247056,86470,160586,3.12,1029400,4117600,37047,444565,-283979,-27.59,-137.93
Bavdhan,Patil Nagar,3,8201000,,12180,32804,4.8,393648,137777,255871,3.12,1640200,6560800,59029,708351,-452479,-27.59,-137.93
Hadapsar,North Hadapsar,2,5160000,,,20640,4.8,247680,86688,160992,3.12,1032000,4128000,37141,445688,-284696,-27.59,-137.93
Moshi,MIDC,3,4750000,,6500,19000,4.8,228000,79800,148200,3.12,950000,3800000,34190,410275,-262075,-27.59,-137.93
Ravet,,4,6949000,,9900,27796,4.8,333552,116743,216809,3.12,1389800,5559200,50018,600211,-383402,-27.59,-137.93
Ravet,,3,4550000,,10130,18200,4.8,218400,76440,141960,3.12,910000,3640000,32750,393000,-251040,-27.59,-137.93
Charholi Budruk,Wadmukhwadi,2,3799000,,,15196,4.8,182352,63823,118529,3.12,759800,3039200,27344,328134,-209605,-27.59,-137.93
Kalyani Nagar,Nilanjali Society,3,17300000,,21840,69200,4.8,830400,290640,539760,3.12,3460000,13840000,124522,1494265,-954505,-27.59,-137.93
Charholi Budruk,Kotwal Wadi,2,3185000,,6940,12740,4.8,152880,53508,99372,3.12,637000,2548000,22925,275100,-175728,-27.59,-137.93
Talegaon Dabhade,Swaraj Nagari,1,2266000,,4160,9064,4.8,108768,38069,70699,3.12,453200,1812800,16310,195723,-125024,-27.59,-137.93
Punawale,Dattwadi,4,6396000,,,25584,4.8,307008,107453,199555,3.12,1279200,5116800,46037,552446,-352891,-27.59,-137.93
Nerhe,,3,8400000,,10350,33600,4.8,403200,141120,262080,3.12,1680000,6720000,60462,725539,-463459,-27.59,-137.93
Mundhwa,Magarpatta City,4,21700000,,17800,86800,4.8,1041600,364560,677040,3.12,4340000,17360000,156192,1874309,-1197269,-27.59,-137.93
Viman Nagar,Clover Park,3,13700000,,17090,54800,4.8,657600,230160,427440,3.12,2740000,10960000,98610,1183320,-755880,-27.59,-137.93
Maan,,3,8232000,,11810,32928,4.8,395136,138298,256838,3.12,1646400,6585600,59252,711028,-454190,-27.59,-137.93
Balewadi,,2,11000000,,11730,44000,4.8,528000,184800,343200,3.12,2200000,8800000,79176,950111,-606911,-27.59,-137.93
Hinjawadi Phase 2,,3,10500000,,12560,42000,4.8,504000,176400,327600,3.12,2100000,8400000,75577,906924,-579324,-27.59,-137.93
Kharadi,Rakshak Nagar,3,7908000,,15200,31632,4.8,379584,132854,246730,3.12,1581600,6326400,56920,683043,-436314,-27.59,-137.93
Mohammed Wadi,Palace Orchard,2,9222000,,11390,36888,4.8,442656,154930,287726,3.12,1844400,7377600,66378,796538,-508812,-27.59,-137.93
Maan,,3,6792000,,10760,27168,4.8,326016,114106,211910,3.12,1358400,5433600,48888,586650,-374740,-27.59,-137.93
Kharadi,,3.5,9021000,,15210,36084,4.8,433008,151553,281455,3.12,1804200,7216800,64931,779177,-497722,-27.59,-137.93
Kharadi,EON Free Zone,4,21900000,,16150,87600,4.8,1051200,367920,683280,3.12,4380000,17520000,157632,1891584,-1208304,-27.59,-137.93
Tathawade,Dattwadi,4,8900000,,11150,35600,4.8,427200,149520,277680,3.12,1780000,7120000,64060,768726,-491046,-27.59,-137.93
Kharadi,,5.5,21400000,,17070,85600,4.8,1027200,359520,667680,3.12,4280000,17120000,154033,1848397,-1180717,-27.59,-137.93
Mundhwa,Magarpatta City,4,16700000,,13180,66800,4.8,801600,280560,521040,3.12,3340000,13360000,120203,1442441,-921401,-27.59,-137.93
Kharadi,Ashoka Nagar,3,9993000,,14470,39972,4.8,479664,167882,311782,3.12,1998600,7994400,71928,863132,-551351,-27.59,-137.93
Tathawade,Dattwadi,4,9379000,,8720,37516,4.8,450192,157567,292625,3.12,1875800,7503200,67508,810099,-517474,-27.59,-137.93
Hadapsar,Malwadi,3,8542000,,11730,34168,4.8,410016,143506,266510,3.12,1708400,6833600,61484,737804,-471294,-27.59,-137.93
Kharadi,EON Free Zone,3,16800000,,20250,67200,4.8,806400,282240,524160,3.12,3360000,13440000,120923,1451078,-926918,-27.59,-137.93
Balewadi,,3,11600000,,13410,46400,4.8,556800,194880,361920,3.12,2320000,9280000,83495,1001935,-640015,-27.59,-137.93
Tathawade,,4,8009000,,11750,32036,4.8,384432,134551,249881,3.12,1601800,6407200,57647,691767,-441886,-27.59,-137.93
Kharadi,Rakshak Nagar,4,13900000,,17200,55600,4.8,667200,233520,433680,3.12,2780000,11120000,100050,1200594,-766914,-27.59,-137.93
Balewadi,Balewadi Gaon,4,14900000,,18030,59600,4.8,715200,250320,464880,3.12,2980000,11920000,107247,1286968,-822088,-27.59,-137.93
Pimpri,Kharalwadi,3,12300000,,12720,49200,4.8,590400,206640,383760,3.12,2460000,9840000,88533,1062396,-678636,-27.59,-137.93
Kharadi,Rakshak Nagar,3,5137000,,12000,20548,4.8,246576,86302,160274,3.12,1027400,4109600,36975,443702,-283427,-27.59,-137.93
Kharadi,EON Free Zone,4,5378000,,14900,21512,4.8,258144,90350,167794,3.12,1075600,4302400,38710,464518,-296724,-27.59,-137.93
Dudulgaon,,3,4877000,,6710,19508,4.8,234096,81934,152162,3.12,975400,3901600,35104,421244,-269082,-27.59,-137.93
Tathawade,Dattwadi,3,9837000,,13370,39348,4.8,472176,165262,306914,3.12,1967400,7869600,70805,849658,-542744,-27.59,-137.93
Warje,Urit Nagar,2,8751000,,11260,35004,4.8,420048,147017,273031,3.12,1750200,7000800,62988,755856,-482825,-27.59,-137.93
Hadapsar,Laxmi Vihar,2,5227000,,8920,20908,4.8,250896,87814,163082,3.12,1045400,4181600,37623,451475,-288393,-27.59,-137.93
Hadapsar,Sasane Nagar,3,5759000,,8080,23036,4.8,276432,96751,179681,3.12,1151800,4607200,41452,497426,-317745,-27.59,-137.93
Vadgaon,Deccan Hills,3,9918000,,11500,39672,4.8,476064,166622,309442,3.12,1983600,7934400,71388,856654,-547213,-27.59,-137.93
Balewadi,,4,19100000,,17910,76400,4.8,916800,320880,595920,3.12,3820000,15280000,137478,1649738,-1053818,-27.59,-137.93
Kharadi,,2.5,8002000,,15930,32008,4.8,384096,134434,249662,3.12,1600400,6401600,57597,691162,-441500,-27.59,-137.93
Charholi Budruk,Kotwal Wadi,2,6999000,,10380,27996,4.8,335952,117583,218369,3.12,1399800,5599200,50377,604529,-386161,-27.59,-137.93
Mundhwa,Koregaon Park Annexe,4,13600000,,14790,54400,4.8,652800,228480,424320,3.12,2720000,10880000,97890,1174682,-750362,-27.59,-137.93
Mundhwa,Magarpatta City,4.5,27000000,,18290,108000,4.8,1296000,453600,842400,3.12,5400000,21600000,194341,2332090,-1489690,-27.59,-137.93
Mundhwa,Jadhav Nagar,4,20100000,,13680,80400,4.8,964800,337680,627120,3.12,4020000,16080000,144676,1736111,-1108991,-27.59,-137.93
Mundhwa,Magarpatta City,5,8600000,,,34400,4.8,412800,144480,268320,3.12,1720000,6880000,61901,742814,-474494,-27.59,-137.93
Mundhwa,Koregaon Park Annexe,4,18700000,,,74800,4.8,897600,314160,583440,3.12,3740000,14960000,134599,1615188,-1031748,-27.59,-137.93
Sus,,3,13000000,,13690,52000,4.8,624000,218400,405600,3.12,2600000,10400000,93571,1122858,-717258,-27.59,-137.93
Mundhwa,Mundhwa Industrial Area,4,16800000,,15620,67200,4.8,806400,282240,524160,3.12,3360000,13440000,120923,1451078,-926918,-27.59,-137.93
Upper Kharadi,,3,7200000,,6720,28800,4.8,345600,120960,224640,3.12,1440000,5760000,51824,621891,-397251,-27.59,-137.93
Tathawade,Dattwadi,4,9379000,,8720,37516,4.8,450192,157567,292625,3.12,1875800,7503200,67508,810099,-517474,-27.59,-137.93
Maan,,3,8232000,,11810,32928,4.8,395136,138298,256838,3.12,1646400,6585600,59252,711028,-454190,-27.59,-137.93
Bavdhan,Patil Nagar,4,11000000,,13850,44000,4.8,528000,184800,343200,3.12,2200000,8800000,79176,950111,-606911,-27.59,-137.93
Dhanori,Laxmi Nagar,3,6716000,,9680,26864,4.8,322368,112829,209539,3.12,1343200,5372800,48340,580086,-370547,-27.59,-137.93
Ravet,,3,8212000,,10860,32848,4.8,394176,137962,256214,3.12,1642400,6569600,59108,709301,-453086,-27.59,-137.93
Hadapsar,,3,4716000,,9280,18864,4.8,226368,79229,147139,3.12,943200,3772800,33945,407338,-260199,-27.59,-137.93
Bavdhan,,,16900000,,7630,67600,4.8,811200,283920,527280,3.12,3380000,13520000,121643,1459715,-932435,-27.59,-137.93
Bavdhan,,3,9907000,,11950,39628,4.8,475536,166438,309098,3.12,1981400,7925600,71309,855704,-546606,-27.59,-137.93
Dhanori,Laxmi Nagar,3,5567000,,9200,22268,4.8,267216,93526,173690,3.12,1113400,4453600,40070,480842,-307152,-27.59,-137.93
Ravet,,3,10700000,,11000,42800,4.8,513600,179760,333840,3.12,2140000,8560000,77017,924199,-590359,-27.59,-137.93
Tathawade,Ram Nagar,2,8642000,,12500,34568,4.8,414816,145186,269630,3.12,1728400,6913600,62203,746441,-476811,-27.59,-137.93
Ravet,,3,7096000,,8540,28384,4.8,340608,119213,221395,3.12,1419200,5676800,51076,612908,-391513,-27.59,-137.93
Upper Kharadi,,4,8371000,,12620,33484,4.8,401808,140633,261175,3.12,1674200,6696800,60253,723034,-461859,-27.59,-137.93
Bavdhan,Siddharth Nagar,4,6373000,,12950,25492,4.8,305904,107066,198838,3.12,1274600,5098400,45872,550460,-351622,-27.59,-137.93
Ambegaon Budruk,,2,4700000,,9970,18800,4.8,225600,78960,146640,3.12,940000,3760000,33830,405956,-259316,-27.59,-137.93
Manjari Budruk,,2,4136000,,8340,16544,4.8,198528,69485,129043,3.12,827200,3308800,29770,357242,-228198,-27.59,-137.93
Kondhwa,Meeta Nagar,2,3650000,,,14600,4.8,175200,61320,113880,3.12,730000,2920000,26272,315264,-201384,-27.59,-137.93
Pisoli,,2,3251000,,,13004,4.8,156048,54617,101431,3.12,650200,2600800,23400,280801,-179370,-27.59,-137.93
Kothrud,Alkapuri Society,3,11600000,,16640,46400,4.8,556800,194880,361920,3.12,2320000,9280000,83495,1001935,-640015,-27.59,-137.93
Hadapsar,Laxmi Vihar,2,5227000,,8920,20908,4.8,250896,87814,163082,3.12,1045400,4181600,37623,451475,-288393,-27.59,-137.93
Dhayari,Dhayari Phata,2,3477000,,9450,13908,4.8,166896,58414,108482,3.12,695400,2781600,25027,300321,-191839,-27.59,-137.93
Dhayari,Dhayari Phata,2,4071000,,9110,16284,4.8,195408,68393,127015,3.12,814200,3256800,29302,351627,-224612,-27.59,-137.93
Bavdhan,,3,5137000,,10510,20548,4.8,246576,86302,160274,3.12,1027400,4109600,36975,443702,-283427,-27.59,-137.93
Manjari Budruk,,2,4136000,,8340,16544,4.8,198528,69485,129043,3.12,827200,3308800,29770,357242,-228198,-27.59,-137.93
Bavdhan,,3,5137000,,10510,20548,4.8,246576,86302,160274,3.12,1027400,4109600,36975,443702,-283427,-27.59,-137.93
Sangamvadi,,4,15600000,,24390,62400,4.8,748800,262080,486720,3.12,3120000,12480000,112286,1347430,-860710,-27.59,-137.93
Bavdhan,,,16900000,,7630,67600,4.8,811200,283920,527280,3.12,3380000,13520000,121643,1459715,-932435,-27.59,-137.93
Bavdhan,Siddharth Nagar,3,5252000,,11130,21008,4.8,252096,88234,163862,3.12,1050400,4201600,37803,453635,-289772,-27.59,-137.93
Yewalewadi,,2,5543000,,8610,22172,4.8,266064,93122,172942,3.12,1108600,4434400,39897,478769,-305828,-27.59,-137.93
Wakad,Shankar Kalat Nagar,3.5,10500000,,,42000,4.8,504000,176400,327600,3.12,2100000,8400000,75577,906924,-579324,-27.59,-137.93
Mundhwa,,3,9967000,,14570,39868,4.8,478416,167446,310970,3.12,1993400,7973600,71741,860887,-549916,-27.59,-137.93
Tathawade,Ram Nagar,4.5,10500000,,12480,42000,4.8,504000,176400,327600,3.12,2100000,8400000,75577,906924,-579324,-27.59,-137.93
Tathawade,,4,8009000,,11750,32036,4.8,384432,134551,249881,3.12,1601800,6407200,57647,691767,-441886,-27.59,-137.93
Wakad,Bhumkar Nagar,3,8714000,,9870,34856,4.8,418272,146395,271877,3.12,1742800,6971200,62722,752660,-480784,-27.59,-137.93
Bavdhan,,,16900000,,7630,67600,4.8,811200,283920,527280,3.12,3380000,13520000,121643,1459715,-932435,-27.59,-137.93
Bavdhan,,3,5137000,,10510,20548,4.8,246576,86302,160274,3.12,1027400,4109600,36975,443702,-283427,-27.59,-137.93
Mundhwa,,4,5142000,,,20568,4.8,246816,86386,160430,3.12,1028400,4113600,37011,444134,-283703,-27.59,-137.93
Undri,Hills & Dales,2,5987000,,7500,23948,4.8,287376,100582,186794,3.12,1197400,4789600,43093,517119,-330325,-27.59,-137.93
Bavdhan,Siddharth Nagar,3,5252000,,11130,21008,4.8,252096,88234,163862,3.12,1050400,4201600,37803,453635,-289772,-27.59,-137.93
Kalyani Nagar,Nilanjali Society,4,28100000,,,112400,4.8,1348800,472080,876720,3.12,5620000,22480000,202258,2427101,-1550381,-27.59,-137.93
Undri,Shree Siddhivinayak Meera,2,3354000,,7290,13416,4.8,160992,56347,104645,3.12,670800,2683200,24141,289697,-185053,-27.59,-137.93
Tingre Nagar,Kumar Samrudhi Society,3,8248000,,11110,32992,4.8,395904,138566,257338,3.12,1649600,6598400,59368,712410,-455073,-27.59,-137.93
Kondhwa Budruk,,3,9000000,,11200,36000,4.8,432000,151200,280800,3.12,1800000,7200000,64780,777363,-496563,-27.59,-137.93
Hinjawadi,Hinjawadi Phase 1,4,12100000,,,48400,4.8,580800,203280,377520,3.12,2420000,9680000,87093,1045122,-667602,-27.59,-137.93
Kiwale,Mukai Nagar,3,8204000,,,32816,4.8,393792,137827,255965,3.12,1640800,6563200,59051,708610,-452645,-27.59,-137.93
Hinjawadi,,3,8300000,,14610,33200,4.8,398400,139440,258960,3.12,1660000,6640000,59742,716902,-457942,-27.59,-137.93
Kiwale,,3,6052000,,,24208,4.8,290496,101674,188822,3.12,1210400,4841600,43561,522734,-333911,-27.59,-137.93
Chokhi Dhani,,3,9925000,,15560,39700,4.8,476400,166740,309660,3.12,1985000,7940000,71438,857259,-547599,-27.59,-137.93
Hinjawadi,Hinjawadi Phase 1,4,12100000,,,48400,4.8,580800,203280,377520,3.12,2420000,9680000,87093,1045122,-667602,-27.59,-137.93
Kharadi,,3,7008000,,,28032,4.8,336384,117734,218650,3.12,1401600,5606400,50442,605307,-386657,-27.59,-137.93
Kharadi,Rakshak Nagar,4,9765000,,14620,39060,4.8,468720,164052,304668,3.12,1953000,7812000,70287,843439,-538771,-27.59,-137.93
Kharadi,Rakshak Nagar,3,9141000,,13330,36564,4.8,438768,153569,285199,3.12,1828200,7312800,65795,789542,-504343,-27.59,-137.93
Kharadi,Rakshak Nagar,4,10300000,,,41200,4.8,494400,173040,321360,3.12,2060000,8240000,74137,889649,-568289,-27.59,-137.93
Pimple Nilakh,Vishal Nagar,4,10300000,,13330,41200,4.8,494400,173040,321360,3.12,2060000,8240000,74137,889649,-568289,-27.59,-137.93
Kharadi,Rakshak Nagar,3,8900000,,11770,35600,4.8,427200,149520,277680,3.12,1780000,7120000,64060,768726,-491046,-27.59,-137.93
Kharadi,,3,6768000,,14220,27072,4.8,324864,113702,211162,3.12,1353600,5414400,48715,584577,-373416,-27.59,-137.93
Bhugaon,,4,11200000,,,44800,4.8,537600,188160,349440,3.12,2240000,8960000,80615,967385,-617945,-27.59,-137.93
Keshav Nagar,,3,5217000,,10650,20868,4.8,250416,87646,162770,3.12,1043400,4173600,37551,450612,-287841,-27.59,-137.93
Vadgaon Budruk,Jadhav Nagar,2,8600000,,11700,34400,4.8,412800,144480,268320,3.12,1720000,6880000,61901,742814,-474494,-27.59,-137.93
Kharadi,Rakshak Nagar,4,9765000,,14620,39060,4.8,468720,164052,304668,3.12,1953000,7812000,70287,843439,-538771,-27.59,-137.93
Kharadi Annex,,3,8857000,,12180,35428,4.8,425136,148798,276338,3.12,1771400,7085600,63751,765012,-488673,-27.59,-137.93
Hinjawadi Phase 2,,2.5,6850000,,,27400,4.8,328800,115080,213720,3.12,1370000,5480000,49305,591660,-377940,-27.59,-137.93
Kothrud,Alkapuri Society,4,23300000,,,93200,4.8,1118400,391440,726960,3.12,4660000,18640000,167709,2012507,-1285547,-27.59,-137.93
Baner,,3,12600000,,16180,50400,4.8,604800,211680,393120,3.12,2520000,10080000,90692,1088309,-695189,-27.59,-137.93
Kharadi,Rakshak Nagar,4,10300000,,,41200,4.8,494400,173040,321360,3.12,2060000,8240000,74137,889649,-568289,-27.59,-137.93
Kharadi,Rakshak Nagar,4,13900000,,17200,55600,4.8,667200,233520,433680,3.12,2780000,11120000,100050,1200594,-766914,-27.59,-137.93
Kharadi,EON Free Zone,4,5378000,,14900,21512,4.8,258144,90350,167794,3.12,1075600,4302400,38710,464518,-296724,-27.59,-137.93
Hinjawadi Phase 2,,4,5357000,,9330,21428,4.8,257136,89998,167138,3.12,1071400,4285600,38559,462704,-295565,-27.59,-137.93
Mohammed Wadi,,2,8355000,,11260,33420,4.8,401040,140364,260676,3.12,1671000,6684000,60138,721652,-460976,-27.59,-137.93
Mohammed Wadi,,3,6848000,,9560,27392,4.8,328704,115046,213658,3.12,1369600,5478400,49291,591487,-377829,-27.59,-137.93
Hadapsar,Hadapsar Gaon,2,8800000,,12320,35200,4.8,422400,147840,274560,3.12,1760000,7040000,63341,760088,-485528,-27.59,-137.93
Mohammed Wadi,,3,7940000,,9470,31760,4.8,381120,133392,247728,3.12,1588000,6352000,57151,685807,-438079,-27.59,-137.93
Sus,,4,9901000,,12280,39604,4.8,475248,166337,308911,3.12,1980200,7920800,71265,855186,-546275,-27.59,-137.93
Yerawada,Mohanwadi,3,8480000,,11860,33920,4.8,407040,142464,264576,3.12,1696000,6784000,61037,732449,-467873,-27.59,-137.93
Warje,Atul Nagar,3,9900000,,,39600,4.8,475200,166320,308880,3.12,1980000,7920000,71258,855100,-546220,-27.59,-137.93
Hadapsar,Laxmi Vihar,3,5968000,,9390,23872,4.8,286464,100262,186202,3.12,1193600,4774400,42957,515478,-329277,-27.59,-137.93
Hadapsar,North Hadapsar,3,5759000,,8540,23036,4.8,276432,96751,179681,3.12,1151800,4607200,41452,497426,-317745,-27.59,-137.93
Kondhwa,NIBM,4,7443000,,9640,29772,4.8,357264,125042,232222,3.12,1488600,5954400,53573,642879,-410658,-27.59,-137.93
Baner,,5,38500000,,28000,154000,4.8,1848000,646800,1201200,3.12,7700000,30800000,277116,3325387,-2124187,-27.59,-137.93
Erandwane,Prabhag 36,2,17500000,,13750,70000,4.8,840000,294000,546000,3.12,3500000,14000000,125962,1511540,-965540,-27.59,-137.93
Baner,,4,19600000,,14740,78400,4.8,940800,329280,611520,3.12,3920000,15680000,141077,1692924,-1081404,-27.59,-137.93
Baner,Mohan Nagar Co-Op Society,3,11000000,,11720,44000,4.8,528000,184800,343200,3.12,2200000,8800000,79176,950111,-606911,-27.59,-137.93
Bavdhan,,4.5,10300000,,,41200,4.8,494400,173040,321360,3.12,2060000,8240000,74137,889649,-568289,-27.59,-137.93
Mahalunge,,4.5,16300000,,14840,65200,4.8,782400,273840,508560,3.12,3260000,13040000,117324,1407891,-899331,-27.59,-137.93
Baner,,3,21600000,,18630,86400,4.8,1036800,362880,673920,3.12,4320000,17280000,155473,1865672,-1191752,-27.59,-137.93
Baner,Mohan Nagar Co-Op Society,4,10000000,,12940,40000,4.8,480000,168000,312000,3.12,2000000,8000000,71978,863737,-551737,-27.59,-137.93
Pisoli,,2,5500000,,8730,22000,4.8,264000,92400,171600,3.12,1100000,4400000,39588,475055,-303455,-27.59,-137.93
Vikas Nagar,,3,6220000,,8480,24880,4.8,298560,104496,194064,3.12,1244000,4976000,44770,537244,-343180,-27.59,-137.93
Pisoli,,3,4350000,,,17400,4.8,208800,73080,135720,3.12,870000,3480000,31310,375726,-240006,-27.59,-137.93
Mundhwa,Magarpatta City,3,10300000,,,41200,4.8,494400,173040,321360,3.12,2060000,8240000,74137,889649,-568289,-27.59,-137.93
Bhor,,,100000,,,400,4.8,4800,1680,3120,3.12,20000,80000,720,8637,-5517,-27.59,-137.93
Mundhwa,Magarpatta City,5,12700000,,13510,50800,4.8,609600,213360,396240,3.12,2540000,10160000,91412,1096946,-700706,-27.59,-137.93
Dhanori,Siddartha Nagar,3,6309000,,10280,25236,4.8,302832,105991,196841,3.12,1261800,5047200,45411,544932,-348091,-27.59,-137.93
Bavdhan,Siddharth Nagar,2,12800000,,15800,51200,4.8,614400,215040,399360,3.12,2560000,10240000,92132,1105583,-706223,-27.59,-137.93
Mundhwa,Magarpatta City,3,8250000,,,33000,4.8,396000,138600,257400,3.12,1650000,6600000,59382,712583,-455183,-27.59,-137.93
Manjari Budruk,,3,7391000,,9770,29564,4.8,354768,124169,230599,3.12,1478200,5912800,53199,638388,-407789,-27.59,-137.93
Manjari Budruk,,3,6363000,,,25452,4.8,305424,106898,198526,3.12,1272600,5090400,45800,549596,-351070,-27.59,-137.93
Dhanori,Munjaba Vasti,3,6666000,,10160,26664,4.8,319968,111989,207979,3.12,1333200,5332800,47981,575767,-367788,-27.59,-137.93
Handewadi,Pandhari Nagar,2,5160000,,8360,20640,4.8,247680,86688,160992,3.12,1032000,4128000,37141,445688,-284696,-27.59,-137.93
Dhanori,Laxmi Nagar,3,6737000,,9680,26948,4.8,323376,113182,210194,3.12,1347400,5389600,48492,581900,-371705,-27.59,-137.93
Mundhwa,Jadhav Nagar,4,14900000,,14130,59600,4.8,715200,250320,464880,3.12,2980000,11920000,107247,1286968,-822088,-27.59,-137.93
Mundhwa,Magarpatta City,3,7610000,,12500,30440,4.8,365280,127848,237432,3.12,1522000,6088000,54775,657304,-419872,-27.59,-137.93
Dhanori,Siddartha Nagar,4,7874000,,9720,31496,4.8,377952,132283,245669,3.12,1574800,6299200,56676,680106,-434438,-27.59,-137.93
Bibwewadi,Sangam Society,4,13000000,,16510,52000,4.8,624000,218400,405600,3.12,2600000,10400000,93571,1122858,-717258,-27.59,-137.93
Bibwewadi,Ramya Nagari,2,9664000,,12800,38656,4.8,463872,162355,301517,3.12,1932800,7731200,69560,834715,-533199,-27.59,-137.93
Charholi Budruk,,3,8900000,,,35600,4.8,427200,149520,277680,3.12,1780000,7120000,64060,768726,-491046,-27.59,-137.93
Tingre Nagar,Kumar Samrudhi Society,3,10000000,,11780,40000,4.8,480000,168000,312000,3.12,2000000,8000000,71978,863737,-551737,-27.59,-137.93
Pashan,Jai Bhavani Nagar,4,12000000,,13820,48000,4.8,576000,201600,374400,3.12,2400000,9600000,86374,1036484,-662084,-27.59,-137.93
Charholi Budruk,Wadmukhwadi,4.5,5895000,,7830,23580,4.8,282960,99036,183924,3.12,1179000,4716000,42431,509173,-325249,-27.59,-137.93
Wagholi,Kalubai Nagar,3,6643000,,8970,26572,4.8,318864,111602,207262,3.12,1328600,5314400,47815,573780,-366519,-27.59,-137.93
Ambegaon Budruk,,2,6909000,,,27636,4.8,331632,116071,215561,3.12,1381800,5527200,49730,596756,-381195,-27.59,-137.93
Bavdhan,Mokai Vasti,3,10700000,,,42800,4.8,513600,179760,333840,3.12,2140000,8560000,77017,924199,-590359,-27.59,-137.93
Kothrud,Kishkinda Nagar,4,15500000,,18490,62000,4.8,744000,260400,483600,3.12,3100000,12400000,111566,1338792,-855192,-27.59,-137.93
Bhugaon,,5,8900000,,9080,35600,4.8,427200,149520,277680,3.12,1780000,7120000,64060,768726,-491046,-27.59,-137.93
Mundhwa,Magarpatta City,3,8250000,,,33000,4.8,396000,138600,257400,3.12,1650000,6600000,59382,712583,-455183,-27.59,-137.93
Kiwale,Kotwal Nagar,4,8066000,,,32264,4.8,387168,135509,251659,3.12,1613200,6452800,58058,696690,-445031,-27.59,-137.93
Kiwale,Kotwal Nagar,3,8805000,,11500,35220,4.8,422640,147924,274716,3.12,1761000,7044000,63377,760520,-485804,-27.59,-137.93
Kiwale,Mukai Nagar,3,8204000,,,32816,4.8,393792,137827,255965,3.12,1640800,6563200,59051,708610,-452645,-27.59,-137.93
Manjari Khurd,,4,5310000,,11420,21240,4.8,254880,89208,165672,3.12,1062000,4248000,38220,458644,-292972,-27.59,-137.93
Chinchwad,,4,11100000,,16500,44400,4.8,532800,186480,346320,3.12,2220000,8880000,79896,958748,-612428,-27.59,-137.93
Wagholi,,3,4800000,,8230,19200,4.8,230400,80640,149760,3.12,960000,3840000,34549,414594,-264834,-27.59,-137.93
Wakad,Shankar Kalat Nagar,4,28000000,,10670,112000,4.8,1344000,470400,873600,3.12,5600000,22400000,201539,2418463,-1544863,-27.59,-137.93
Charholi Budruk,Chovisawadi,4,8150000,,10400,32600,4.8,391200,136920,254280,3.12,1630000,6520000,58662,703946,-449666,-27.59,-137.93
Wagholi,,3,5100000,,,20400,4.8,244800,85680,159120,3.12,1020000,4080000,36709,440506,-281386,-27.59,-137.93
Chinchwad,Gawade Nagar,4,10200000,,12800,40800,4.8,489600,171360,318240,3.12,2040000,8160000,73418,881012,-562772,-27.59,-137.93
Moshi,MIDC,2,6900000,,9440,27600,4.8,331200,115920,215280,3.12,1380000,5520000,49665,595978,-380698,-27.59,-137.93
Tathawade,Ashok Nagar,4,9879000,,,39516,4.8,474192,165967,308225,3.12,1975800,7903200,71107,853286,-545061,-27.59,-137.93
Charholi Budruk,,4,6568000,,9230,26272,4.8,315264,110342,204922,3.12,1313600,5254400,47275,567302,-362381,-27.59,-137.93
Charholi Budruk,,3,5999000,,8320,23996,4.8,287952,100783,187169,3.12,1199800,4799200,43180,518156,-330987,-27.59,-137.93
Moshi,Tupe Vasti,3,6064000,,8000,24256,4.8,291072,101875,189197,3.12,1212800,4851200,43648,523770,-334573,-27.59,-137.93
Mundhwa,Magarpatta City,3,7610000,,12500,30440,4.8,365280,127848,237432,3.12,1522000,6088000,54775,657304,-419872,-27.59,-137.93
Undri,Bellagio,3,5855000,,8190,23420,4.8,281040,98364,182676,3.12,1171000,4684000,42143,505718,-323042,-27.59,-137.93
Handewadi,Pandhari Nagar,2,5160000,,8360,20640,4.8,247680,86688,160992,3.12,1032000,4128000,37141,445688,-284696,-27.59,-137.93
Charholi Budruk,Kotwal Wadi,2.5,4364000,,8360,17456,4.8,209472,73315,136157,3.12,872800,3491200,31411,376935,-240778,-27.59,-137.93
Charholi Budruk,,3,6300000,,8310,25200,4.8,302400,105840,196560,3.12,1260000,5040000,45346,544154,-347594,-27.59,-137.93
Undri,Bellagio,3,5390000,,7560,21560,4.8,258720,90552,168168,3.12,1078000,4312000,38796,465554,-297386,-27.59,-137.93
Wakad,Kaspate Wasti,3,10500000,,12880,42000,4.8,504000,176400,327600,3.12,2100000,8400000,75577,906924,-579324,-27.59,-137.93
Moshi,Bhim Nagar,4.5,6765000,,,27060,4.8,324720,113652,211068,3.12,1353000,5412000,48693,584318,-373250,-27.59,-137.93
Kiwale,Kotwal Nagar,3,7907000,,,31628,4.8,379536,132838,246698,3.12,1581400,6325600,56913,682957,-436258,-27.59,-137.93
Pashan,,5,21000000,,13540,84000,4.8,1008000,352800,655200,3.12,4200000,16800000,151154,1813848,-1158648,-27.59,-137.93
Shewalewadi,,4,18400000,,13060,73600,4.8,883200,309120,574080,3.12,3680000,14720000,132440,1589276,-1015196,-27.59,-137.93
Pimpri,Kharalwadi,3,9397000,,13230,37588,4.8,451056,157870,293186,3.12,1879400,7517600,67638,811654,-518467,-27.59,-137.93
Pimpri,MIDC,3,7120000,,12340,28480,4.8,341760,119616,222144,3.12,1424000,5696000,51248,614981,-392837,-27.59,-137.93
Hinjawadi,Hinjawadi Phase 1,3,7611000,,12050,30444,4.8,365328,127865,237463,3.12,1522200,6088800,54783,657390,-419927,-27.59,-137.93
Shewalewadi,,3,6726000,,11780,26904,4.8,322848,112997,209851,3.12,1345200,5380800,48412,580949,-371098,-27.59,-137.93
Hinjawadi Phase 2,,2,7703000,,13710,30812,4.8,369744,129410,240334,3.12,1540600,6162400,55445,665337,-425003,-27.59,-137.93
Upper Kharadi,,3,7349000,,,29396,4.8,352752,123463,229289,3.12,1469800,5879200,52897,634760,-405471,-27.59,-137.93
Hinjawadi,Hinjawadi Phase 1,4,11000000,,11000,44000,4.8,528000,184800,343200,3.12,2200000,8800000,79176,950111,-606911,-27.59,-137.93
Kharadi,,3,7731000,,16040,30924,4.8,371088,129881,241207,3.12,1546200,6184800,55646,667755,-426548,-27.59,-137.93
Pimple Nilakh,Nandanwan Society,4,25100000,,17500,100400,4.8,1204800,421680,783120,3.12,5020000,20080000,180665,2167980,-1384860,-27.59,-137.93
Kalyani Nagar,Nilanjali Society,4,35000000,,,140000,4.8,1680000,588000,1092000,3.12,7000000,28000000,251923,3023079,-1931079,-27.59,-137.93
Kharadi,EON Free Zone,3,9276000,,13910,37104,4.8,445248,155837,289411,3.12,1855200,7420800,66767,801202,-511791,-27.59,-137.93
Yewalewadi,,3,3537000,,5680,14148,4.8,169776,59422,110354,3.12,707400,2829600,25459,305504,-195149,-27.59,-137.93
Kothrud,Alkapuri Society,4,23300000,,,93200,4.8,1118400,391440,726960,3.12,4660000,18640000,167709,2012507,-1285547,-27.59,-137.93
Upper Kharadi,,4,7980000,,13370,31920,4.8,383040,134064,248976,3.12,1596000,6384000,57439,689262,-440286,-27.59,-137.93
Baner,,4,19600000,,14740,78400,4.8,940800,329280,611520,3.12,3920000,15680000,141077,1692924,-1081404,-27.59,-137.93
Bhugaon,,,11100000,,4500,44400,4.8,532800,186480,346320,3.12,2220000,8880000,79896,958748,-612428,-27.59,-137.93
Kothrud,Alkapuri Society,4,15500000,,20210,62000,4.8,744000,260400,483600,3.12,3100000,12400000,111566,1338792,-855192,-27.59,-137.93
Baner,Mohan Nagar Co-Op Society,3,10900000,,14690,43600,4.8,523200,183120,340080,3.12,2180000,8720000,78456,941473,-601393,-27.59,-137.93
Baner,,4,19300000,,16900,77200,4.8,926400,324240,602160,3.12,3860000,15440000,138918,1667012,-1064852,-27.59,-137.93
Hadapsar,North Hadapsar,6,13100000,,13850,52400,4.8,628800,220080,408720,3.12,2620000,10480000,94291,1131495,-722775,-27.59,-137.93
Kondhwa,Meeta Nagar,3,7887000,,10920,31548,4.8,378576,132502,246074,3.12,1577400,6309600,56769,681229,-435155,-27.59,-137.93
Baner,Mohan Nagar Co-Op Society,3,11000000,,11720,44000,4.8,528000,184800,343200,3.12,2200000,8800000,79176,950111,-606911,-27.59,-137.93
Baner,Lalit Estate,4,24600000,,16540,98400,4.8,1180800,413280,767520,3.12,4920000,19680000,177066,2124793,-1357273,-27.59,-137.93
Balewadi,Balewadi Gaon,3,13000000,,7000,52000,4.8,624000,218400,405600,3.12,2600000,10400000,93571,1122858,-717258,-27.59,-137.93
Loni Kalbhor,,3,8272000,,12160,33088,4.8,397056,138970,258086,3.12,1654400,6617600,59540,714483,-456397,-27.59,-137.93
Hadapsar,,3,12400000,,,49600,4.8,595200,208320,386880,3.12,2480000,9920000,89253,1071034,-684154,-27.59,-137.93
Kothrud,Rambaug Colony,3,14700000,,21370,58800,4.8,705600,246960,458640,3.12,2940000,11760000,105808,1269693,-811053,-27.59,-137.93
Dhayari,Dhayari Phata,3,6995000,,9540,27980,4.8,335760,117516,218244,3.12,1399000,5596000,50349,604184,-385940,-27.59,-137.93
Kothrud,Kishkinda Nagar,4,24800000,,16680,99200,4.8,1190400,416640,773760,3.12,4960000,19840000,178506,2142068,-1368308,-27.59,-137.93
Hadapsar,Ramtekdi Industrial Area,3,12200000,,,48800,4.8,585600,204960,380640,3.12,2440000,9760000,87813,1053759,-673119,-27.59,-137.93
Lohegaon,Kuthwad Colony,2.5,6310000,,9400,25240,4.8,302880,106008,196872,3.12,1262000,5048000,45418,545018,-348146,-27.59,-137.93
Hadapsar,North Hadapsar,3,11300000,,,45200,4.8,542400,189840,352560,3.12,2260000,9040000,81335,976023,-623463,-27.59,-137.93
Wanowrie,Jambhulkar Mala,5,25000000,,,100000,4.8,1200000,420000,780000,3.12,5000000,20000000,179945,2159342,-1379342,-27.59,-137.93
Ravet,,3,7597000,,,30388,4.8,364656,127630,237026,3.12,1519400,6077600,54682,656181,-419155,-27.59,-137.93
Kothrud,Mayur Colony,4,19100000,,22220,76400,4.8,916800,320880,595920,3.12,3820000,15280000,137478,1649738,-1053818,-27.59,-137.93
Lohegaon,,4,7591000,,,30364,4.8,364368,127529,236839,3.12,1518200,6072800,54639,655663,-418823,-27.59,-137.93
Hadapsar,Hadapsar Industrial Estate,2,7839000,,12380,31356,4.8,376272,131695,244577,3.12,1567800,6271200,56424,677083,-432507,-27.59,-137.93
Warje,Urit Nagar,3,10200000,,11700,40800,4.8,489600,171360,318240,3.12,2040000,8160000,73418,881012,-562772,-27.59,-137.93
Bibwewadi,Ramya Nagari,2,9664000,,12800,38656,4.8,463872,162355,301517,3.12,1932800,7731200,69560,834715,-533199,-27.59,-137.93
Mohammed Wadi,,,40000000,,17380,160000,4.8,1920000,672000,1248000,3.12,8000000,32000000,287912,3454948,-2206948,-27.59,-137.93
Kothrud,Alkapuri Society,4,15500000,,20210,62000,4.8,744000,260400,483600,3.12,3100000,12400000,111566,1338792,-855192,-27.59,-137.93
Baner,,4,19200000,,16890,76800,4.8,921600,322560,599040,3.12,3840000,15360000,138198,1658375,-1059335,-27.59,-137.93
Wakad,Bhumkar Nagar,3,8500000,,,34000,4.8,408000,142800,265200,3.12,1700000,6800000,61181,734176,-468976,-27.59,-137.93
Baner,,4,19300000,,16900,77200,4.8,926400,324240,602160,3.12,3860000,15440000,138918,1667012,-1064852,-27.59,-137.93
Ravet,,3,7597000,,,30388,4.8,364656,127630,237026,3.12,1519400,6077600,54682,656181,-419155,-27.59,-137.93
Baner,,3,27500000,,17420,110000,4.8,1320000,462000,858000,3.12,5500000,22000000,197940,2375277,-1517277,-27.59,-137.93
Chinchwad,Udhyog Nagar,3,16100000,,12710,64400,4.8,772800,270480,502320,3.12,3220000,12880000,115885,1390616,-888296,-27.59,-137.93
Ravet,,3,7952000,,9980,31808,4.8,381696,133594,248102,3.12,1590400,6361600,57237,686844,-438741,-27.59,-137.93
Manjari Budruk,,3,7391000,,9770,29564,4.8,354768,124169,230599,3.12,1478200,5912800,53199,638388,-407789,-27.59,-137.93
Lohegaon,Kuthwad Colony,2.5,6310000,,9400,25240,4.8,302880,106008,196872,3.12,1262000,5048000,45418,545018,-348146,-27.59,-137.93
Baner,Mohan Nagar Co-Op Society,3,11800000,,14050,47200,4.8,566400,198240,368160,3.12,2360000,9440000,84934,1019210,-651050,-27.59,-137.93
Dhanori,Anand Park Nagar,3,8257000,,10910,33028,4.8,396336,138718,257618,3.12,1651400,6605600,59432,713188,-455569,-27.59,-137.93
Kothrud,Gujrat Colony,3,15300000,,18100,61200,4.8,734400,257040,477360,3.12,3060000,12240000,110126,1321517,-844157,-27.59,-137.93
Dhanori,Laxmi Nagar,2,6294000,,9350,25176,4.8,302112,105739,196373,3.12,1258800,5035200,45303,543636,-347263,-27.59,-137.93
Baner,Baner Gaon,4,22900000,,,91600,4.8,1099200,384720,714480,3.12,4580000,18320000,164830,1977958,-1263478,-27.59,-137.93
Wagholi,,4,11000000,,,44000,4.8,528000,184800,343200,3.12,2200000,8800000,79176,950111,-606911,-27.59,-137.93
Bavdhan,,3,11400000,,13770,45600,4.8,547200,191520,355680,3.12,2280000,9120000,82055,984660,-628980,-27.59,-137.93
Lohegaon,Sant Nagar,3,8000000,,,32000,4.8,384000,134400,249600,3.12,1600000,6400000,57582,690990,-441390,-27.59,-137.93
Dhayari,Dhayari Phata,3,4369000,,8350,17476,4.8,209712,73399,136313,3.12,873800,3495200,31447,377367,-241054,-27.59,-137.93
Lohegaon,Kuthwad Colony,3,5858000,,10000,23432,4.8,281184,98414,182770,3.12,1171600,4686400,42165,505977,-323207,-27.59,-137.93
Bavdhan,Sagar Co-Operative Housing Society,3,11300000,,13220,45200,4.8,542400,189840,352560,3.12,2260000,9040000,81335,976023,-623463,-27.59,-137.93
Bavdhan,,4,9514000,,11620,38056,4.8,456672,159835,296837,3.12,1902800,7611200,68480,821759,-524923,-27.59,-137.93
Lohegaon,Kuthwad Colony,3,9239000,,11010,36956,4.8,443472,155215,288257,3.12,1847800,7391200,66501,798007,-509750,-27.59,-137.93
Lohegaon,Khese Park,3,6438000,,9850,25752,4.8,309024,108158,200866,3.12,1287600,5150400,46339,556074,-355208,-27.59,-137.93
Kothrud,Kishkinda Nagar,4,24800000,,16680,99200,4.8,1190400,416640,773760,3.12,4960000,19840000,178506,2142068,-1368308,-27.59,-137.93
Lohegaon,Khese Wasti,4,7322000,,9710,29288,4.8,351456,123010,228446,3.12,1464400,5857600,52702,632428,-403982,-27.59,-137.93
Dhayari,Dhayari Phata,4,7124000,,9110,28496,4.8,341952,119683,222269,3.12,1424800,5699200,51277,615326,-393057,-27.59,-137.93
Bavdhan,,3,10500000,,12500,42000,4.8,504000,176400,327600,3.12,2100000,8400000,75577,906924,-579324,-27.59,-137.93
Ambegaon Budruk,Shani Nagar,2,9343000,,10570,37372,4.8,448464,156962,291502,3.12,1868600,7474400,67249,806989,-515488,-27.59,-137.93
Wakad,Shankar Kalat Nagar,3,9744000,,11740,38976,4.8,467712,163699,304013,3.12,1948800,7795200,70135,841625,-537612,-27.59,-137.93
Bibwewadi,Chintamani Nagar,3,10600000,,16060,42400,4.8,508800,178080,330720,3.12,2120000,8480000,76297,915561,-584841,-27.59,-137.93
Wakad,Kemse Vasti,3,6396000,,10990,25584,4.8,307008,107453,199555,3.12,1279200,5116800,46037,552446,-352891,-27.59,-137.93
Hinjawadi Phase 3,,3,8440000,,,33760,4.8,405120,141792,263328,3.12,1688000,6752000,60749,728994,-465666,-27.59,-137.93
Hinjawadi Phase 3,,3,9255000,,12820,37020,4.8,444240,155484,288756,3.12,1851000,7404000,66616,799389,-510633,-27.59,-137.93
Mahalunge,,4.5,16300000,,14840,65200,4.8,782400,273840,508560,3.12,3260000,13040000,117324,1407891,-899331,-27.59,-137.93
Balaji Nagar,K. K. Market,3,15800000,,,63200,4.8,758400,265440,492960,3.12,3160000,12640000,113725,1364704,-871744,-27.59,-137.93
Hinjawadi,,4,12500000,,,50000,4.8,600000,210000,390000,3.12,2500000,10000000,89973,1079671,-689671,-27.59,-137.93
Camp,,4,14700000,,21070,58800,4.8,705600,246960,458640,3.12,2940000,11760000,105808,1269693,-811053,-27.59,-137.93
Moshi,Borhade Wadi,3,7417000,,,29668,4.8,356016,124606,231410,3.12,1483400,5933600,53386,640634,-409223,-27.59,-137.93
Moshi,MIDC,2,4818000,,10410,19272,4.8,231264,80942,150322,3.12,963600,3854400,34679,416148,-265827,-27.59,-137.93
Undri,Atur Nagar,2,3481000,,,13924,4.8,167088,58481,108607,3.12,696200,2784800,25056,300667,-192060,-27.59,-137.93
Moshi,Bankar Vasti,3,9614000,,,38456,4.8,461472,161515,299957,3.12,1922800,7691200,69200,830397,-530440,-27.59,-137.93
Wagholi,,3,8909000,,12570,35636,4.8,427632,149671,277961,3.12,1781800,7127200,64125,769503,-491542,-27.59,-137.93
Hinjawadi Phase 2,,3,9090000,,,36360,4.8,436320,152712,283608,3.12,1818000,7272000,65428,785137,-501529,-27.59,-137.93
Warje,Atul Nagar,3,9443000,,12150,37772,4.8,453264,158642,294622,3.12,1888600,7554400,67969,815627,-521005,-27.59,-137.93
Kalyani Nagar,Nilanjali Society,4,29900000,,27430,119600,4.8,1435200,502320,932880,3.12,5980000,23920000,215214,2582573,-1649693,-27.59,-137.93
Baner,,4.5,41700000,,19290,166800,4.8,2001600,700560,1301040,3.12,8340000,33360000,300149,3601783,-2300743,-27.59,-137.93
Ambegaon Budruk,Vishnupuram Colony,4,7800000,,,31200,4.8,374400,131040,243360,3.12,1560000,6240000,56143,673715,-430355,-27.59,-137.93
Kharadi,Rakshak Nagar,3,10400000,,13490,41600,4.8,499200,174720,324480,3.12,2080000,8320000,74857,898286,-573806,-27.59,-137.93
