Title,City,Location,Price_INR,Area_sqft,Bedrooms,Estimated_Monthly_Rent,Annual_Rent,Annual_Expenses,NOI,Cap_Rate_%,Down_Payment,Loan_Amount,Monthly_EMI,Annual_EMI,Annual_Cash_Flow,Cash_on_Cash_%,ROI_5_Year_%
1 BHK Apartment in Andheri,Mumbai,Andheri,33700000.0,840 sqft,1 BHK,101100.0,1213200.0,363960.0,849240.0,2.52,6740000.0,26960000.0,233965.143715348,2807581.724584176,-1958341.7245841762,-29.05551520154564,-37.0
1 BHK Apartment in Bandra,Mumbai,Bandra,33700000.0,325 sqft,1 BHK,101100.0,1213200.0,363960.0,849240.0,2.52,6740000.0,26960000.0,233965.143715348,2807581.724584176,-1958341.7245841762,-29.05551520154564,-37.0
1 BHK Apartment in Borivali,Mumbai,Borivali,33700000.0,840 sqft,1 BHK,101100.0,1213200.0,363960.0,849240.0,2.52,6740000.0,26960000.0,233965.143715348,2807581.724584176,-1958341.7245841762,-29.05551520154564,-37.0
1 BHK Apartment in Powai,Mumbai,Powai,33700000.0,325 sqft,1 BHK,101100.0,1213200.0,363960.0,849240.0,2.52,6740000.0,26960000.0,233965.143715348,2807581.724584176,-1958341.7245841762,-29.05551520154564,-37.0
1 BHK Apartment in Goregaon,Mumbai,Goregaon,33700000.0,840 sqft,1 BHK,101100.0,1213200.0,363960.0,849240.0,2.52,6740000.0,26960000.0,233965.143715348,2807581.724584176,-1958341.7245841762,-29.05551520154564,-37.0
1 BHK Apartment in Malad,Mumbai,Malad,33700000.0,325 sqft,1 BHK,101100.0,1213200.0,363960.0,849240.0,2.52,6740000.0,26960000.0,233965.143715348,2807581.724584176,-1958341.7245841762,-29.05551520154564,-37.0
2 BHK Apartment in Borivali,Mumbai,Borivali,33700000.0,840 sqft,2 BHK,101100.0,1213200.0,363960.0,849240.0,2.52,6740000.0,26960000.0,233965.143715348,2807581.724584176,-1958341.7245841762,-29.05551520154564,-37.0
2 BHK Apartment in Powai,Mumbai,Powai,33700000.0,325 sqft,2 BHK,101100.0,1213200.0,363960.0,849240.0,2.52,6740000.0,26960000.0,233965.143715348,2807581.724584176,-1958341.7245841762,-29.05551520154564,-37.0
2 BHK Apartment in Goregaon,Mumbai,Goregaon,33700000.0,840 sqft,2 BHK,101100.0,1213200.0,363960.0,849240.0,2.52,6740000.0,26960000.0,233965.143715348,2807581.724584176,-1958341.7245841762,-29.05551520154564,-37.0
2 BHK Apartment in Malad,Mumbai,Malad,33700000.0,325 sqft,2 BHK,101100.0,1213200.0,363960.0,849240.0,2.52,6740000.0,26960000.0,233965.143715348,2807581.724584176,-1958341.7245841762,-29.05551520154564,-37.0
2 BHK Apartment in Thane,Mumbai,Thane,33700000.0,840 sqft,2 BHK,101100.0,1213200.0,363960.0,849240.0,2.52,6740000.0,26960000.0,233965.143715348,2807581.724584176,-1958341.7245841762,-29.05551520154564,-37.0
2 BHK Apartment in Navi Mumbai,Mumbai,Navi Mumbai,33700000.0,325 sqft,2 BHK,101100.0,1213200.0,363960.0,849240.0,2.52,6740000.0,26960000.0,233965.143715348,2807581.724584176,-1958341.7245841762,-29.05551520154564,-37.0
3 BHK Apartment in Goregaon,Mumbai,Goregaon,33700000.0,840 sqft,3 BHK,101100.0,1213200.0,363960.0,849240.0,2.52,6740000.0,26960000.0,233965.143715348,2807581.724584176,-1958341.7245841762,-29.05551520154564,-37.0
3 BHK Apartment in Malad,Mumbai,Malad,33700000.0,325 sqft,3 BHK,101100.0,1213200.0,363960.0,849240.0,2.52,6740000.0,26960000.0,233965.143715348,2807581.724584176,-1958341.7245841762,-29.05551520154564,-37.0
3 BHK Apartment in Thane,Mumbai,Thane,33700000.0,840 sqft,3 BHK,101100.0,1213200.0,363960.0,849240.0,2.52,6740000.0,26960000.0,233965.143715348,2807581.724584176,-1958341.7245841762,-29.05551520154564,-37.0
3 BHK Apartment in Navi Mumbai,Mumbai,Navi Mumbai,33700000.0,325 sqft,3 BHK,101100.0,1213200.0,363960.0,849240.0,2.52,6740000.0,26960000.0,233965.143715348,2807581.724584176,-1958341.7245841762,-29.05551520154564,-37.0
3 BHK Apartment in Kandivali,Mumbai,Kandivali,33700000.0,840 sqft,3 BHK,101100.0,1213200.0,363960.0,849240.0,2.52,6740000.0,26960000.0,233965.143715348,2807581.724584176,-1958341.7245841762,-29.05551520154564,-37.0
1 BHK Apartment in Bandra,Mumbai,Bandra,1591000.0,325 sqft,1 BHK,4773.0,57276.0,17182.8,40093.2,2.5199999999999996,318200.0,1272800.0,11045.654114276518,132547.8493713182,-92454.64937131821,-29.055515201545635,-37.0
1 BHK Apartment in Borivali,Mumbai,Borivali,1591000.0,840 sqft,1 BHK,4773.0,57276.0,17182.8,40093.2,2.5199999999999996,318200.0,1272800.0,11045.654114276518,132547.8493713182,-92454.64937131821,-29.055515201545635,-37.0
1 BHK Apartment in Powai,Mumbai,Powai,1591000.0,325 sqft,1 BHK,4773.0,57276.0,17182.8,40093.2,2.5199999999999996,318200.0,1272800.0,11045.654114276518,132547.8493713182,-92454.64937131821,-29.055515201545635,-37.0
1 BHK Apartment in Goregaon,Mumbai,Goregaon,1591000.0,840 sqft,1 BHK,4773.0,57276.0,17182.8,40093.2,2.5199999999999996,318200.0,1272800.0,11045.654114276518,132547.8493713182,-92454.64937131821,-29.055515201545635,-37.0
1 BHK Apartment in Malad,Mumbai,Malad,1591000.0,325 sqft,1 BHK,4773.0,57276.0,17182.8,40093.2,2.5199999999999996,318200.0,1272800.0,11045.654114276518,132547.8493713182,-92454.64937131821,-29.055515201545635,-37.0
2 BHK Apartment in Borivali,Mumbai,Borivali,1591000.0,840 sqft,2 BHK,4773.0,57276.0,17182.8,40093.2,2.5199999999999996,318200.0,1272800.0,11045.654114276518,132547.8493713182,-92454.64937131821,-29.055515201545635,-37.0
2 BHK Apartment in Powai,Mumbai,Powai,1591000.0,325 sqft,2 BHK,4773.0,57276.0,17182.8,40093.2,2.5199999999999996,318200.0,1272800.0,11045.654114276518,132547.8493713182,-92454.64937131821,-29.055515201545635,-37.0
2 BHK Apartment in Goregaon,Mumbai,Goregaon,1591000.0,840 sqft,2 BHK,4773.0,57276.0,17182.8,40093.2,2.5199999999999996,318200.0,1272800.0,11045.654114276518,132547.8493713182,-92454.64937131821,-29.055515201545635,-37.0
2 BHK Apartment in Malad,Mumbai,Malad,1591000.0,325 sqft,2 BHK,4773.0,57276.0,17182.8,40093.2,2.5199999999999996,318200.0,1272800.0,11045.654114276518,132547.8493713182,-92454.64937131821,-29.055515201545635,-37.0
2 BHK Apartment in Thane,Mumbai,Thane,1591000.0,840 sqft,2 BHK,4773.0,57276.0,17182.8,40093.2,2.5199999999999996,318200.0,1272800.0,11045.654114276518,132547.8493713182,-92454.64937131821,-29.055515201545635,-37.0
2 BHK Apartment in Navi Mumbai,Mumbai,Navi Mumbai,1591000.0,325 sqft,2 BHK,4773.0,57276.0,17182.8,40093.2,2.5199999999999996,318200.0,1272800.0,11045.654114276518,132547.8493713182,-92454.64937131821,-29.055515201545635,-37.0
3 BHK Apartment in Goregaon,Mumbai,Goregaon,1591000.0,840 sqft,3 BHK,4773.0,57276.0,17182.8,40093.2,2.5199999999999996,318200.0,1272800.0,11045.654114276518,132547.8493713182,-92454.64937131821,-29.055515201545635,-37.0
3 BHK Apartment in Malad,Mumbai,Malad,1591000.0,325 sqft,3 BHK,4773.0,57276.0,17182.8,40093.2,2.5199999999999996,318200.0,1272800.0,11045.654114276518,132547.8493713182,-92454.64937131821,-29.055515201545635,-37.0
3 BHK Apartment in Thane,Mumbai,Thane,1591000.0,840 sqft,3 BHK,4773.0,57276.0,17182.8,40093.2,2.5199999999999996,318200.0,1272800.0,11045.654114276518,132547.8493713182,-92454.64937131821,-29.055515201545635,-37.0
3 BHK Apartment in Navi Mumbai,Mumbai,Navi Mumbai,1591000.0,325 sqft,3 BHK,4773.0,57276.0,17182.8,40093.2,2.5199999999999996,318200.0,1272800.0,11045.654114276518,132547.8493713182,-92454.64937131821,-29.055515201545635,-37.0
3 BHK Apartment in Kandivali,Mumbai,Kandivali,1591000.0,840 sqft,3 BHK,4773.0,57276.0,17182.8,40093.2,2.5199999999999996,318200.0,1272800.0,11045.654114276518,132547.8493713182,-92454.64937131821,-29.055515201545635,-37.0
3 BHK Apartment in Chembur,Mumbai,Chembur,1591000.0,325 sqft,3 BHK,4773.0,57276.0,17182.8,40093.2,2.5199999999999996,318200.0,1272800.0,11045.654114276518,132547.8493713182,-92454.64937131821,-29.055515201545635,-37.0
1 BHK Apartment in Dwarka,Delhi,Dwarka,9500000.0,,1 BHK,28500.0,342000.0,102600.0,239400.0,2.52,1900000.0,7600000.0,65954.56573578059,791454.7888293671,-552054.7888293671,-29.05551520154564,-37.0
1 BHK Apartment in Rohini,Delhi,Rohini,9500000.0,,1 BHK,28500.0,342000.0,102600.0,239400.0,2.52,1900000.0,7600000.0,65954.56573578059,791454.7888293671,-552054.7888293671,-29.05551520154564,-37.0
1 BHK Apartment in Saket,Delhi,Saket,9500000.0,,1 BHK,28500.0,342000.0,102600.0,239400.0,2.52,1900000.0,7600000.0,65954.56573578059,791454.7888293671,-552054.7888293671,-29.05551520154564,-37.0
1 BHK Apartment in Vasant Kunj,Delhi,Vasant Kunj,9500000.0,,1 BHK,28500.0,342000.0,102600.0,239400.0,2.52,1900000.0,7600000.0,65954.56573578059,791454.7888293671,-552054.7888293671,-29.05551520154564,-37.0
1 BHK Apartment in Karol Bagh,Delhi,Karol Bagh,9500000.0,,1 BHK,28500.0,342000.0,102600.0,239400.0,2.52,1900000.0,7600000.0,65954.56573578059,791454.7888293671,-552054.7888293671,-29.05551520154564,-37.0
2 BHK Apartment in Saket,Delhi,Saket,9500000.0,,2 BHK,28500.0,342000.0,102600.0,239400.0,2.52,1900000.0,7600000.0,65954.56573578059,791454.7888293671,-552054.7888293671,-29.05551520154564,-37.0
2 BHK Apartment in Vasant Kunj,Delhi,Vasant Kunj,9500000.0,,2 BHK,28500.0,342000.0,102600.0,239400.0,2.52,1900000.0,7600000.0,65954.56573578059,791454.7888293671,-552054.7888293671,-29.05551520154564,-37.0
2 BHK Apartment in Karol Bagh,Delhi,Karol Bagh,9500000.0,,2 BHK,28500.0,342000.0,102600.0,239400.0,2.52,1900000.0,7600000.0,65954.56573578059,791454.7888293671,-552054.7888293671,-29.05551520154564,-37.0
2 BHK Apartment in Janakpuri,Delhi,Janakpuri,9500000.0,,2 BHK,28500.0,342000.0,102600.0,239400.0,2.52,1900000.0,7600000.0,65954.56573578059,791454.7888293671,-552054.7888293671,-29.05551520154564,-37.0
2 BHK Apartment in Lajpat Nagar,Delhi,Lajpat Nagar,9500000.0,,2 BHK,28500.0,342000.0,102600.0,239400.0,2.52,1900000.0,7600000.0,65954.56573578059,791454.7888293671,-552054.7888293671,-29.05551520154564,-37.0
3 BHK Apartment in Karol Bagh,Delhi,Karol Bagh,9500000.0,,3 BHK,28500.0,342000.0,102600.0,239400.0,2.52,1900000.0,7600000.0,65954.56573578059,791454.7888293671,-552054.7888293671,-29.05551520154564,-37.0
3 BHK Apartment in Janakpuri,Delhi,Janakpuri,9500000.0,,3 BHK,28500.0,342000.0,102600.0,239400.0,2.52,1900000.0,7600000.0,65954.56573578059,791454.7888293671,-552054.7888293671,-29.05551520154564,-37.0
3 BHK Apartment in Lajpat Nagar,Delhi,Lajpat Nagar,9500000.0,,3 BHK,28500.0,342000.0,102600.0,239400.0,2.52,1900000.0,7600000.0,65954.56573578059,791454.7888293671,-552054.7888293671,-29.05551520154564,-37.0
3 BHK Apartment in Pitampura,Delhi,Pitampura,9500000.0,,3 BHK,28500.0,342000.0,102600.0,239400.0,2.52,1900000.0,7600000.0,65954.56573578059,791454.7888293671,-552054.7888293671,-29.05551520154564,-37.0
1 BHK Apartment in Gachibowli,Hyderabad,Gachibowli,7779000.000000001,1810 sqft,1 BHK,23337.000000000004,280044.00000000006,84013.20000000001,196030.80000000005,2.5200000000000005,1555800.0000000002,6223200.000000001,54006.37545880392,648076.505505647,-452045.705505647,-29.055515201545628,-36.99999999999999
1 BHK Apartment in Madhapur,Hyderabad,Madhapur,7779000.000000001,1801 sqft,1 BHK,23337.000000000004,280044.00000000006,84013.20000000001,196030.80000000005,2.5200000000000005,1555800.0000000002,6223200.000000001,54006.37545880392,648076.505505647,-452045.705505647,-29.055515201545628,-36.99999999999999
1 BHK Apartment in Kukatpally,Hyderabad,Kukatpally,7779000.000000001,1810 sqft,1 BHK,23337.000000000004,280044.00000000006,84013.20000000001,196030.80000000005,2.5200000000000005,1555800.0000000002,6223200.000000001,54006.37545880392,648076.505505647,-452045.705505647,-29.055515201545628,-36.99999999999999
1 BHK Apartment in Hitech City,Hyderabad,Hitech City,7779000.000000001,1801 sqft,1 BHK,23337.000000000004,280044.00000000006,84013.20000000001,196030.80000000005,2.5200000000000005,1555800.0000000002,6223200.000000001,54006.37545880392,648076.505505647,-452045.705505647,-29.055515201545628,-36.99999999999999
1 BHK Apartment in Kondapur,Hyderabad,Kondapur,7779000.000000001,1810 sqft,1 BHK,23337.000000000004,280044.00000000006,84013.20000000001,196030.80000000005,2.5200000000000005,1555800.0000000002,6223200.000000001,54006.37545880392,648076.505505647,-452045.705505647,-29.055515201545628,-36.99999999999999
2 BHK Apartment in Kukatpally,Hyderabad,Kukatpally,7779000.000000001,1810 sqft,2 BHK,23337.000000000004,280044.00000000006,84013.20000000001,196030.80000000005,2.5200000000000005,1555800.0000000002,6223200.000000001,54006.37545880392,648076.505505647,-452045.705505647,-29.055515201545628,-36.99999999999999
2 BHK Apartment in Hitech City,Hyderabad,Hitech City,7779000.000000001,1801 sqft,2 BHK,23337.000000000004,280044.00000000006,84013.20000000001,196030.80000000005,2.5200000000000005,1555800.0000000002,6223200.000000001,54006.37545880392,648076.505505647,-452045.705505647,-29.055515201545628,-36.99999999999999
2 BHK Apartment in Kondapur,Hyderabad,Kondapur,7779000.000000001,1810 sqft,2 BHK,23337.000000000004,280044.00000000006,84013.20000000001,196030.80000000005,2.5200000000000005,1555800.0000000002,6223200.000000001,54006.37545880392,648076.505505647,-452045.705505647,-29.055515201545628,-36.99999999999999
2 BHK Apartment in Manikonda,Hyderabad,Manikonda,7779000.000000001,1801 sqft,2 BHK,23337.000000000004,280044.00000000006,84013.20000000001,196030.80000000005,2.5200000000000005,1555800.0000000002,6223200.000000001,54006.37545880392,648076.505505647,-452045.705505647,-29.055515201545628,-36.99999999999999
2 BHK Apartment in Miyapur,Hyderabad,Miyapur,7779000.000000001,1810 sqft,2 BHK,23337.000000000004,280044.00000000006,84013.20000000001,196030.80000000005,2.5200000000000005,1555800.0000000002,6223200.000000001,54006.37545880392,648076.505505647,-452045.705505647,-29.055515201545628,-36.99999999999999
3 BHK Apartment in Kondapur,Hyderabad,Kondapur,7779000.000000001,1810 sqft,3 BHK,23337.000000000004,280044.00000000006,84013.20000000001,196030.80000000005,2.5200000000000005,1555800.0000000002,6223200.000000001,54006.37545880392,648076.505505647,-452045.705505647,-29.055515201545628,-36.99999999999999
3 BHK Apartment in Manikonda,Hyderabad,Manikonda,7779000.000000001,1801 sqft,3 BHK,23337.000000000004,280044.00000000006,84013.20000000001,196030.80000000005,2.5200000000000005,1555800.0000000002,6223200.000000001,54006.37545880392,648076.505505647,-452045.705505647,-29.055515201545628,-36.99999999999999
3 BHK Apartment in Miyapur,Hyderabad,Miyapur,7779000.000000001,1810 sqft,3 BHK,23337.000000000004,280044.00000000006,84013.20000000001,196030.80000000005,2.5200000000000005,1555800.0000000002,6223200.000000001,54006.37545880392,648076.505505647,-452045.705505647,-29.055515201545628,-36.99999999999999
3 BHK Apartment in Banjara Hills,Hyderabad,Banjara Hills,7779000.000000001,1801 sqft,3 BHK,23337.000000000004,280044.00000000006,84013.20000000001,196030.80000000005,2.5200000000000005,1555800.0000000002,6223200.000000001,54006.37545880392,648076.505505647,-452045.705505647,-29.055515201545628,-36.99999999999999
1 BHK Apartment in Madhapur,Hyderabad,Madhapur,8399000.0,1801 sqft,1 BHK,25197.0,302364.0,90709.2,211654.8,2.52,1679800.0,6719200.0,58310.77869629696,699729.3443555635,-488074.5443555635,-29.055515201545635,-37.0
1 BHK Apartment in Kukatpally,Hyderabad,Kukatpally,8399000.0,1810 sqft,1 BHK,25197.0,302364.0,90709.2,211654.8,2.52,1679800.0,6719200.0,58310.77869629696,699729.3443555635,-488074.5443555635,-29.055515201545635,-37.0
1 BHK Apartment in Hitech City,Hyderabad,Hitech City,8399000.0,1801 sqft,1 BHK,25197.0,302364.0,90709.2,211654.8,2.52,1679800.0,6719200.0,58310.77869629696,699729.3443555635,-488074.5443555635,-29.055515201545635,-37.0
1 BHK Apartment in Kondapur,Hyderabad,Kondapur,8399000.0,1810 sqft,1 BHK,25197.0,302364.0,90709.2,211654.8,2.52,1679800.0,6719200.0,58310.77869629696,699729.3443555635,-488074.5443555635,-29.055515201545635,-37.0
2 BHK Apartment in Kukatpally,Hyderabad,Kukatpally,8399000.0,1810 sqft,2 BHK,25197.0,302364.0,90709.2,211654.8,2.52,1679800.0,6719200.0,58310.77869629696,699729.3443555635,-488074.5443555635,-29.055515201545635,-37.0
2 BHK Apartment in Hitech City,Hyderabad,Hitech City,8399000.0,1801 sqft,2 BHK,25197.0,302364.0,90709.2,211654.8,2.52,1679800.0,6719200.0,58310.77869629696,699729.3443555635,-488074.5443555635,-29.055515201545635,-37.0
2 BHK Apartment in Kondapur,Hyderabad,Kondapur,8399000.0,1810 sqft,2 BHK,25197.0,302364.0,90709.2,211654.8,2.52,1679800.0,6719200.0,58310.77869629696,699729.3443555635,-488074.5443555635,-29.055515201545635,-37.0
2 BHK Apartment in Manikonda,Hyderabad,Manikonda,8399000.0,1801 sqft,2 BHK,25197.0,302364.0,90709.2,211654.8,2.52,1679800.0,6719200.0,58310.77869629696,699729.3443555635,-488074.5443555635,-29.055515201545635,-37.0
2 BHK Apartment in Miyapur,Hyderabad,Miyapur,8399000.0,1810 sqft,2 BHK,25197.0,302364.0,90709.2,211654.8,2.52,1679800.0,6719200.0,58310.77869629696,699729.3443555635,-488074.5443555635,-29.055515201545635,-37.0
3 BHK Apartment in Kondapur,Hyderabad,Kondapur,8399000.0,1810 sqft,3 BHK,25197.0,302364.0,90709.2,211654.8,2.52,1679800.0,6719200.0,58310.77869629696,699729.3443555635,-488074.5443555635,-29.055515201545635,-37.0
3 BHK Apartment in Manikonda,Hyderabad,Manikonda,8399000.0,1801 sqft,3 BHK,25197.0,302364.0,90709.2,211654.8,2.52,1679800.0,6719200.0,58310.77869629696,699729.3443555635,-488074.5443555635,-29.055515201545635,-37.0
3 BHK Apartment in Miyapur,Hyderabad,Miyapur,8399000.0,1810 sqft,3 BHK,25197.0,302364.0,90709.2,211654.8,2.52,1679800.0,6719200.0,58310.77869629696,699729.3443555635,-488074.5443555635,-29.055515201545635,-37.0
3 BHK Apartment in Banjara Hills,Hyderabad,Banjara Hills,8399000.0,1801 sqft,3 BHK,25197.0,302364.0,90709.2,211654.8,2.52,1679800.0,6719200.0,58310.77869629696,699729.3443555635,-488074.5443555635,-29.055515201545635,-37.0
3 BHK Apartment in Jubilee Hills,Hyderabad,Jubilee Hills,8399000.0,1810 sqft,3 BHK,25197.0,302364.0,90709.2,211654.8,2.52,1679800.0,6719200.0,58310.77869629696,699729.3443555635,-488074.5443555635,-29.055515201545635,-37.0
2 BHK Apartment in Kukatpally,Hyderabad,Kukatpally,29000000.0,1810 sqft,2 BHK,87000.0,1044000.0,313200.0,730800.0,2.52,5800000.0,23200000.0,201334.99014080391,2416019.881689647,-1685219.8816896472,-29.05551520154564,-37.0
2 BHK Apartment in Hitech City,Hyderabad,Hitech City,29000000.0,1801 sqft,2 BHK,87000.0,1044000.0,313200.0,730800.0,2.52,5800000.0,23200000.0,201334.99014080391,2416019.881689647,-1685219.8816896472,-29.05551520154564,-37.0
2 BHK Apartment in Kondapur,Hyderabad,Kondapur,29000000.0,1810 sqft,2 BHK,87000.0,1044000.0,313200.0,730800.0,2.52,5800000.0,23200000.0,201334.99014080391,2416019.881689647,-1685219.8816896472,-29.05551520154564,-37.0
2 BHK Apartment in Manikonda,Hyderabad,Manikonda,29000000.0,1801 sqft,2 BHK,87000.0,1044000.0,313200.0,730800.0,2.52,5800000.0,23200000.0,201334.99014080391,2416019.881689647,-1685219.8816896472,-29.05551520154564,-37.0
2 BHK Apartment in Miyapur,Hyderabad,Miyapur,29000000.0,1810 sqft,2 BHK,87000.0,1044000.0,313200.0,730800.0,2.52,5800000.0,23200000.0,201334.99014080391,2416019.881689647,-1685219.8816896472,-29.05551520154564,-37.0
3 BHK Apartment in Kondapur,Hyderabad,Kondapur,29000000.0,1810 sqft,3 BHK,87000.0,1044000.0,313200.0,730800.0,2.52,5800000.0,23200000.0,201334.99014080391,2416019.881689647,-1685219.8816896472,-29.05551520154564,-37.0
3 BHK Apartment in Manikonda,Hyderabad,Manikonda,29000000.0,1801 sqft,3 BHK,87000.0,1044000.0,313200.0,730800.0,2.52,5800000.0,23200000.0,201334.99014080391,2416019.881689647,-1685219.8816896472,-29.05551520154564,-37.0
3 BHK Apartment in Miyapur,Hyderabad,Miyapur,29000000.0,1810 sqft,3 BHK,87000.0,1044000.0,313200.0,730800.0,2.52,5800000.0,23200000.0,201334.99014080391,2416019.881689647,-1685219.8816896472,-29.05551520154564,-37.0
3 BHK Apartment in Banjara Hills,Hyderabad,Banjara Hills,29000000.0,1801 sqft,3 BHK,87000.0,1044000.0,313200.0,730800.0,2.52,5800000.0,23200000.0,201334.99014080391,2416019.881689647,-1685219.8816896472,-29.05551520154564,-37.0
3 BHK Apartment in Jubilee Hills,Hyderabad,Jubilee Hills,29000000.0,1810 sqft,3 BHK,87000.0,1044000.0,313200.0,730800.0,2.52,5800000.0,23200000.0,201334.99014080391,2416019.881689647,-1685219.8816896472,-29.05551520154564,-37.0
1 BHK Apartment in Miyapur,Hyderabad,Miyapur,29000000.0,1810 sqft,1 BHK,87000.0,1044000.0,313200.0,730800.0,2.52,5800000.0,23200000.0,201334.99014080391,2416019.881689647,-1685219.8816896472,-29.05551520154564,-37.0
1 BHK Apartment in Banjara Hills,Hyderabad,Banjara Hills,29000000.0,1801 sqft,1 BHK,87000.0,1044000.0,313200.0,730800.0,2.52,5800000.0,23200000.0,201334.99014080391,2416019.881689647,-1685219.8816896472,-29.05551520154564,-37.0
1 BHK Apartment in Jubilee Hills,Hyderabad,Jubilee Hills,29000000.0,1810 sqft,1 BHK,87000.0,1044000.0,313200.0,730800.0,2.52,5800000.0,23200000.0,201334.99014080391,2416019.881689647,-1685219.8816896472,-29.05551520154564,-37.0
1 BHK Apartment in Gachibowli,Hyderabad,Gachibowli,29000000.0,1801 sqft,1 BHK,87000.0,1044000.0,313200.0,730800.0,2.52,5800000.0,23200000.0,201334.99014080391,2416019.881689647,-1685219.8816896472,-29.05551520154564,-37.0
2 BHK Apartment in Hitech City,Hyderabad,Hitech City,6700000.0,1801 sqft,2 BHK,20100.0,241200.0,72360.0,168840.0,2.52,1340000.0,5360000.0,46515.325308392625,558183.9037007114,-389343.90370071144,-29.055515201545628,-37.0
2 BHK Apartment in Kondapur,Hyderabad,Kondapur,6700000.0,1810 sqft,2 BHK,20100.0,241200.0,72360.0,168840.0,2.52,1340000.0,5360000.0,46515.325308392625,558183.9037007114,-389343.90370071144,-29.055515201545628,-37.0
2 BHK Apartment in Manikonda,Hyderabad,Manikonda,6700000.0,1801 sqft,2 BHK,20100.0,241200.0,72360.0,168840.0,2.52,1340000.0,5360000.0,46515.325308392625,558183.9037007114,-389343.90370071144,-29.055515201545628,-37.0
2 BHK Apartment in Miyapur,Hyderabad,Miyapur,6700000.0,1810 sqft,2 BHK,20100.0,241200.0,72360.0,168840.0,2.52,1340000.0,5360000.0,46515.325308392625,558183.9037007114,-389343.90370071144,-29.055515201545628,-37.0
3 BHK Apartment in Kondapur,Hyderabad,Kondapur,6700000.0,1810 sqft,3 BHK,20100.0,241200.0,72360.0,168840.0,2.52,1340000.0,5360000.0,46515.325308392625,558183.9037007114,-389343.90370071144,-29.055515201545628,-37.0
3 BHK Apartment in Manikonda,Hyderabad,Manikonda,6700000.0,1801 sqft,3 BHK,20100.0,241200.0,72360.0,168840.0,2.52,1340000.0,5360000.0,46515.325308392625,558183.9037007114,-389343.90370071144,-29.055515201545628,-37.0
3 BHK Apartment in Miyapur,Hyderabad,Miyapur,6700000.0,1810 sqft,3 BHK,20100.0,241200.0,72360.0,168840.0,2.52,1340000.0,5360000.0,46515.325308392625,558183.9037007114,-389343.90370071144,-29.055515201545628,-37.0
3 BHK Apartment in Banjara Hills,Hyderabad,Banjara Hills,6700000.0,1801 sqft,3 BHK,20100.0,241200.0,72360.0,168840.0,2.52,1340000.0,5360000.0,46515.325308392625,558183.9037007114,-389343.90370071144,-29.055515201545628,-37.0
3 BHK Apartment in Jubilee Hills,Hyderabad,Jubilee Hills,6700000.0,1810 sqft,3 BHK,20100.0,241200.0,72360.0,168840.0,2.52,1340000.0,5360000.0,46515.325308392625,558183.9037007114,-389343.90370071144,-29.055515201545628,-37.0
1 BHK Apartment in Miyapur,Hyderabad,Miyapur,6700000.0,1810 sqft,1 BHK,20100.0,241200.0,72360.0,168840.0,2.52,1340000.0,5360000.0,46515.325308392625,558183.9037007114,-389343.90370071144,-29.055515201545628,-37.0
1 BHK Apartment in Banjara Hills,Hyderabad,Banjara Hills,6700000.0,1801 sqft,1 BHK,20100.0,241200.0,72360.0,168840.0,2.52,1340000.0,5360000.0,46515.325308392625,558183.9037007114,-389343.90370071144,-29.055515201545628,-37.0
1 BHK Apartment in Jubilee Hills,Hyderabad,Jubilee Hills,6700000.0,1810 sqft,1 BHK,20100.0,241200.0,72360.0,168840.0,2.52,1340000.0,5360000.0,46515.325308392625,558183.9037007114,-389343.90370071144,-29.055515201545628,-37.0
1 BHK Apartment in Gachibowli,Hyderabad,Gachibowli,6700000.0,1801 sqft,1 BHK,20100.0,241200.0,72360.0,168840.0,2.52,1340000.0,5360000.0,46515.325308392625,558183.9037007114,-389343.90370071144,-29.055515201545628,-37.0
1 BHK Apartment in Madhapur,Hyderabad,Madhapur,6700000.0,1810 sqft,1 BHK,20100.0,241200.0,72360.0,168840.0,2.52,1340000.0,5360000.0,46515.325308392625,558183.9037007114,-389343.90370071144,-29.055515201545628,-37.0
3 BHK Apartment in Kondapur,Hyderabad,Kondapur,7380000.0,1810 sqft,3 BHK,22140.0,265680.0,79704.0,185976.0,2.52,1476000.0,5904000.0,51236.283697901126,614835.4043748135,-428859.40437481354,-29.055515201545635,-37.0
3 BHK Apartment in Manikonda,Hyderabad,Manikonda,7380000.0,1801 sqft,3 BHK,22140.0,265680.0,79704.0,185976.0,2.52,1476000.0,5904000.0,51236.283697901126,614835.4043748135,-428859.40437481354,-29.055515201545635,-37.0
3 BHK Apartment in Miyapur,Hyderabad,Miyapur,7380000.0,1810 sqft,3 BHK,22140.0,265680.0,79704.0,185976.0,2.52,1476000.0,5904000.0,51236.283697901126,614835.4043748135,-428859.40437481354,-29.055515201545635,-37.0
3 BHK Apartment in Banjara Hills,Hyderabad,Banjara Hills,7380000.0,1801 sqft,3 BHK,22140.0,265680.0,79704.0,185976.0,2.52,1476000.0,5904000.0,51236.283697901126,614835.4043748135,-428859.40437481354,-29.055515201545635,-37.0
3 BHK Apartment in Jubilee Hills,Hyderabad,Jubilee Hills,7380000.0,1810 sqft,3 BHK,22140.0,265680.0,79704.0,185976.0,2.52,1476000.0,5904000.0,51236.283697901126,614835.4043748135,-428859.40437481354,-29.055515201545635,-37.0
1 BHK Apartment in Miyapur,Hyderabad,Miyapur,7380000.0,1810 sqft,1 BHK,22140.0,265680.0,79704.0,185976.0,2.52,1476000.0,5904000.0,51236.283697901126,614835.4043748135,-428859.40437481354,-29.055515201545635,-37.0
1 BHK Apartment in Banjara Hills,Hyderabad,Banjara Hills,7380000.0,1801 sqft,1 BHK,22140.0,265680.0,79704.0,185976.0,2.52,1476000.0,5904000.0,51236.283697901126,614835.4043748135,-428859.40437481354,-29.055515201545635,-37.0
1 BHK Apartment in Jubilee Hills,Hyderabad,Jubilee Hills,7380000.0,1810 sqft,1 BHK,22140.0,265680.0,79704.0,185976.0,2.52,1476000.0,5904000.0,51236.283697901126,614835.4043748135,-428859.40437481354,-29.055515201545635,-37.0
1 BHK Apartment in Gachibowli,Hyderabad,Gachibowli,7380000.0,1801 sqft,1 BHK,22140.0,265680.0,79704.0,185976.0,2.52,1476000.0,5904000.0,51236.283697901126,614835.4043748135,-428859.40437481354,-29.055515201545635,-37.0
1 BHK Apartment in Madhapur,Hyderabad,Madhapur,7380000.0,1810 sqft,1 BHK,22140.0,265680.0,79704.0,185976.0,2.52,1476000.0,5904000.0,51236.283697901126,614835.4043748135,-428859.40437481354,-29.055515201545635,-37.0
2 BHK Apartment in Jubilee Hills,Hyderabad,Jubilee Hills,7380000.0,1810 sqft,2 BHK,22140.0,265680.0,79704.0,185976.0,2.52,1476000.0,5904000.0,51236.283697901126,614835.4043748135,-428859.40437481354,-29.055515201545635,-37.0
2 BHK Apartment in Gachibowli,Hyderabad,Gachibowli,7380000.0,1801 sqft,2 BHK,22140.0,265680.0,79704.0,185976.0,2.52,1476000.0,5904000.0,51236.283697901126,614835.4043748135,-428859.40437481354,-29.055515201545635,-37.0
2 BHK Apartment in Madhapur,Hyderabad,Madhapur,7380000.0,1810 sqft,2 BHK,22140.0,265680.0,79704.0,185976.0,2.52,1476000.0,5904000.0,51236.283697901126,614835.4043748135,-428859.40437481354,-29.055515201545635,-37.0
2 BHK Apartment in Kukatpally,Hyderabad,Kukatpally,7380000.0,1801 sqft,2 BHK,22140.0,265680.0,79704.0,185976.0,2.52,1476000.0,5904000.0,51236.283697901126,614835.4043748135,-428859.40437481354,-29.055515201545635,-37.0
3 BHK Apartment in Manikonda,Hyderabad,Manikonda,18000000.0,1801 sqft,3 BHK,54000.0,648000.0,194400.0,453600.0,2.52,3600000.0,14400000.0,124966.5456046369,1499598.547255643,-1045998.547255643,-29.05551520154564,-37.0
3 BHK Apartment in Miyapur,Hyderabad,Miyapur,18000000.0,1810 sqft,3 BHK,54000.0,648000.0,194400.0,453600.0,2.52,3600000.0,14400000.0,124966.5456046369,1499598.547255643,-1045998.547255643,-29.05551520154564,-37.0
3 BHK Apartment in Banjara Hills,Hyderabad,Banjara Hills,18000000.0,1801 sqft,3 BHK,54000.0,648000.0,194400.0,453600.0,2.52,3600000.0,14400000.0,124966.5456046369,1499598.547255643,-1045998.547255643,-29.05551520154564,-37.0
3 BHK Apartment in Jubilee Hills,Hyderabad,Jubilee Hills,18000000.0,1810 sqft,3 BHK,54000.0,648000.0,194400.0,453600.0,2.52,3600000.0,14400000.0,124966.5456046369,1499598.547255643,-1045998.547255643,-29.05551520154564,-37.0
1 BHK Apartment in Miyapur,Hyderabad,Miyapur,18000000.0,1810 sqft,1 BHK,54000.0,648000.0,194400.0,453600.0,2.52,3600000.0,14400000.0,124966.5456046369,1499598.547255643,-1045998.547255643,-29.05551520154564,-37.0
1 BHK Apartment in Banjara Hills,Hyderabad,Banjara Hills,18000000.0,1801 sqft,1 BHK,54000.0,648000.0,194400.0,453600.0,2.52,3600000.0,14400000.0,124966.5456046369,1499598.547255643,-1045998.547255643,-29.05551520154564,-37.0
1 BHK Apartment in Jubilee Hills,Hyderabad,Jubilee Hills,18000000.0,1810 sqft,1 BHK,54000.0,648000.0,194400.0,453600.0,2.52,3600000.0,14400000.0,124966.5456046369,1499598.547255643,-1045998.547255643,-29.05551520154564,-37.0
1 BHK Apartment in Gachibowli,Hyderabad,Gachibowli,18000000.0,1801 sqft,1 BHK,54000.0,648000.0,194400.0,453600.0,2.52,3600000.0,14400000.0,124966.5456046369,1499598.547255643,-1045998.547255643,-29.05551520154564,-37.0
1 BHK Apartment in Madhapur,Hyderabad,Madhapur,18000000.0,1810 sqft,1 BHK,54000.0,648000.0,194400.0,453600.0,2.52,3600000.0,14400000.0,124966.5456046369,1499598.547255643,-1045998.547255643,-29.05551520154564,-37.0
2 BHK Apartment in Jubilee Hills,Hyderabad,Jubilee Hills,18000000.0,1810 sqft,2 BHK,54000.0,648000.0,194400.0,453600.0,2.52,3600000.0,14400000.0,124966.5456046369,1499598.547255643,-1045998.547255643,-29.05551520154564,-37.0
2 BHK Apartment in Gachibowli,Hyderabad,Gachibowli,18000000.0,1801 sqft,2 BHK,54000.0,648000.0,194400.0,453600.0,2.52,3600000.0,14400000.0,124966.5456046369,1499598.547255643,-1045998.547255643,-29.05551520154564,-37.0
2 BHK Apartment in Madhapur,Hyderabad,Madhapur,18000000.0,1810 sqft,2 BHK,54000.0,648000.0,194400.0,453600.0,2.52,3600000.0,14400000.0,124966.5456046369,1499598.547255643,-1045998.547255643,-29.05551520154564,-37.0
2 BHK Apartment in Kukatpally,Hyderabad,Kukatpally,18000000.0,1801 sqft,2 BHK,54000.0,648000.0,194400.0,453600.0,2.52,3600000.0,14400000.0,124966.5456046369,1499598.547255643,-1045998.547255643,-29.05551520154564,-37.0
2 BHK Apartment in Hitech City,Hyderabad,Hitech City,18000000.0,1810 sqft,2 BHK,54000.0,648000.0,194400.0,453600.0,2.52,3600000.0,14400000.0,124966.5456046369,1499598.547255643,-1045998.547255643,-29.05551520154564,-37.0
1 BHK Apartment in Miyapur,Hyderabad,Miyapur,6716000.0,1810 sqft,1 BHK,20148.0,241776.0,72532.8,169243.2,2.52,1343200.0,5372800.0,46626.40668226341,559516.8801871609,-390273.6801871609,-29.055515201545628,-37.0
1 BHK Apartment in Banjara Hills,Hyderabad,Banjara Hills,6716000.0,1801 sqft,1 BHK,20148.0,241776.0,72532.8,169243.2,2.52,1343200.0,5372800.0,46626.40668226341,559516.8801871609,-390273.6801871609,-29.055515201545628,-37.0
1 BHK Apartment in Jubilee Hills,Hyderabad,Jubilee Hills,6716000.0,1810 sqft,1 BHK,20148.0,241776.0,72532.8,169243.2,2.52,1343200.0,5372800.0,46626.40668226341,559516.8801871609,-390273.6801871609,-29.055515201545628,-37.0
1 BHK Apartment in Gachibowli,Hyderabad,Gachibowli,6716000.0,1801 sqft,1 BHK,20148.0,241776.0,72532.8,169243.2,2.52,1343200.0,5372800.0,46626.40668226341,559516.8801871609,-390273.6801871609,-29.055515201545628,-37.0
1 BHK Apartment in Madhapur,Hyderabad,Madhapur,6716000.0,1810 sqft,1 BHK,20148.0,241776.0,72532.8,169243.2,2.52,1343200.0,5372800.0,46626.40668226341,559516.8801871609,-390273.6801871609,-29.055515201545628,-37.0
2 BHK Apartment in Jubilee Hills,Hyderabad,Jubilee Hills,6716000.0,1810 sqft,2 BHK,20148.0,241776.0,72532.8,169243.2,2.52,1343200.0,5372800.0,46626.40668226341,559516.8801871609,-390273.6801871609,-29.055515201545628,-37.0
2 BHK Apartment in Gachibowli,Hyderabad,Gachibowli,6716000.0,1801 sqft,2 BHK,20148.0,241776.0,72532.8,169243.2,2.52,1343200.0,5372800.0,46626.40668226341,559516.8801871609,-390273.6801871609,-29.055515201545628,-37.0
2 BHK Apartment in Madhapur,Hyderabad,Madhapur,6716000.0,1810 sqft,2 BHK,20148.0,241776.0,72532.8,169243.2,2.52,1343200.0,5372800.0,46626.40668226341,559516.8801871609,-390273.6801871609,-29.055515201545628,-37.0
2 BHK Apartment in Kukatpally,Hyderabad,Kukatpally,6716000.0,1801 sqft,2 BHK,20148.0,241776.0,72532.8,169243.2,2.52,1343200.0,5372800.0,46626.40668226341,559516.8801871609,-390273.6801871609,-29.055515201545628,-37.0
2 BHK Apartment in Hitech City,Hyderabad,Hitech City,6716000.0,1810 sqft,2 BHK,20148.0,241776.0,72532.8,169243.2,2.52,1343200.0,5372800.0,46626.40668226341,559516.8801871609,-390273.6801871609,-29.055515201545628,-37.0
1 BHK Apartment in Kukatpally,Hyderabad,Kukatpally,6716000.0,1801 sqft,1 BHK,20148.0,241776.0,72532.8,169243.2,2.52,1343200.0,5372800.0,46626.40668226341,559516.8801871609,-390273.6801871609,-29.055515201545628,-37.0
1 BHK Apartment in Hitech City,Hyderabad,Hitech City,6716000.0,1810 sqft,1 BHK,20148.0,241776.0,72532.8,169243.2,2.52,1343200.0,5372800.0,46626.40668226341,559516.8801871609,-390273.6801871609,-29.055515201545628,-37.0
1 BHK Apartment in Kondapur,Hyderabad,Kondapur,6716000.0,1801 sqft,1 BHK,20148.0,241776.0,72532.8,169243.2,2.52,1343200.0,5372800.0,46626.40668226341,559516.8801871609,-390273.6801871609,-29.055515201545628,-37.0
1 BHK Apartment in Banjara Hills,Hyderabad,Banjara Hills,6895999.999999999,1801 sqft,1 BHK,20687.999999999996,248255.99999999994,74476.79999999997,173779.19999999995,2.5199999999999996,1379200.0,5516799.999999999,47876.07213830977,574512.8656597172,-400733.6656597173,-29.055515201545628,-37.000000000000014
1 BHK Apartment in Jubilee Hills,Hyderabad,Jubilee Hills,6895999.999999999,1810 sqft,1 BHK,20687.999999999996,248255.99999999994,74476.79999999997,173779.19999999995,2.5199999999999996,1379200.0,5516799.999999999,47876.07213830977,574512.8656597172,-400733.6656597173,-29.055515201545628,-37.000000000000014
1 BHK Apartment in Gachibowli,Hyderabad,Gachibowli,6895999.999999999,1801 sqft,1 BHK,20687.999999999996,248255.99999999994,74476.79999999997,173779.19999999995,2.5199999999999996,1379200.0,5516799.999999999,47876.07213830977,574512.8656597172,-400733.6656597173,-29.055515201545628,-37.000000000000014
1 BHK Apartment in Madhapur,Hyderabad,Madhapur,6895999.999999999,1810 sqft,1 BHK,20687.999999999996,248255.99999999994,74476.79999999997,173779.19999999995,2.5199999999999996,1379200.0,5516799.999999999,47876.07213830977,574512.8656597172,-400733.6656597173,-29.055515201545628,-37.000000000000014
2 BHK Apartment in Jubilee Hills,Hyderabad,Jubilee Hills,6895999.999999999,1810 sqft,2 BHK,20687.999999999996,248255.99999999994,74476.79999999997,173779.19999999995,2.5199999999999996,1379200.0,5516799.999999999,47876.07213830977,574512.8656597172,-400733.6656597173,-29.055515201545628,-37.000000000000014
2 BHK Apartment in Gachibowli,Hyderabad,Gachibowli,6895999.999999999,1801 sqft,2 BHK,20687.999999999996,248255.99999999994,74476.79999999997,173779.19999999995,2.5199999999999996,1379200.0,5516799.999999999,47876.07213830977,574512.8656597172,-400733.6656597173,-29.055515201545628,-37.000000000000014
2 BHK Apartment in Madhapur,Hyderabad,Madhapur,6895999.999999999,1810 sqft,2 BHK,20687.999999999996,248255.99999999994,74476.79999999997,173779.19999999995,2.5199999999999996,1379200.0,5516799.999999999,47876.07213830977,574512.8656597172,-400733.6656597173,-29.055515201545628,-37.000000000000014
2 BHK Apartment in Kukatpally,Hyderabad,Kukatpally,6895999.999999999,1801 sqft,2 BHK,20687.999999999996,248255.99999999994,74476.79999999997,173779.19999999995,2.5199999999999996,1379200.0,5516799.999999999,47876.07213830977,574512.8656597172,-400733.6656597173,-29.055515201545628,-37.000000000000014
2 BHK Apartment in Hitech City,Hyderabad,Hitech City,6895999.999999999,1810 sqft,2 BHK,20687.999999999996,248255.99999999994,74476.79999999997,173779.19999999995,2.5199999999999996,1379200.0,5516799.999999999,47876.07213830977,574512.8656597172,-400733.6656597173,-29.055515201545628,-37.000000000000014
1 BHK Apartment in Kukatpally,Hyderabad,Kukatpally,6895999.999999999,1801 sqft,1 BHK,20687.999999999996,248255.99999999994,74476.79999999997,173779.19999999995,2.5199999999999996,1379200.0,5516799.999999999,47876.07213830977,574512.8656597172,-400733.6656597173,-29.055515201545628,-37.000000000000014
1 BHK Apartment in Hitech City,Hyderabad,Hitech City,6895999.999999999,1810 sqft,1 BHK,20687.999999999996,248255.99999999994,74476.79999999997,173779.19999999995,2.5199999999999996,1379200.0,5516799.999999999,47876.07213830977,574512.8656597172,-400733.6656597173,-29.055515201545628,-37.000000000000014
1 BHK Apartment in Kondapur,Hyderabad,Kondapur,6895999.999999999,1801 sqft,1 BHK,20687.999999999996,248255.99999999994,74476.79999999997,173779.19999999995,2.5199999999999996,1379200.0,5516799.999999999,47876.07213830977,574512.8656597172,-400733.6656597173,-29.055515201545628,-37.000000000000014
1 BHK Apartment in Manikonda,Hyderabad,Manikonda,6895999.999999999,1810 sqft,1 BHK,20687.999999999996,248255.99999999994,74476.79999999997,173779.19999999995,2.5199999999999996,1379200.0,5516799.999999999,47876.07213830977,574512.8656597172,-400733.6656597173,-29.055515201545628,-37.000000000000014
2 BHK Apartment in Jubilee Hills,Hyderabad,Jubilee Hills,7493000.000000001,1810 sqft,2 BHK,22479.000000000004,269748.00000000006,80924.40000000001,188823.60000000003,2.52,1498600.0000000002,5994400.000000001,52020.79590086358,624249.5508103629,-435425.9508103629,-29.055515201545628,-36.99999999999999
2 BHK Apartment in Gachibowli,Hyderabad,Gachibowli,7493000.000000001,1801 sqft,2 BHK,22479.000000000004,269748.00000000006,80924.40000000001,188823.60000000003,2.52,1498600.0000000002,5994400.000000001,52020.79590086358,624249.5508103629,-435425.9508103629,-29.055515201545628,-36.99999999999999
2 BHK Apartment in Madhapur,Hyderabad,Madhapur,7493000.000000001,1810 sqft,2 BHK,22479.000000000004,269748.00000000006,80924.40000000001,188823.60000000003,2.52,1498600.0000000002,5994400.000000001,52020.79590086358,624249.5508103629,-435425.9508103629,-29.055515201545628,-36.99999999999999
2 BHK Apartment in Kukatpally,Hyderabad,Kukatpally,7493000.000000001,1801 sqft,2 BHK,22479.000000000004,269748.00000000006,80924.40000000001,188823.60000000003,2.52,1498600.0000000002,5994400.000000001,52020.79590086358,624249.5508103629,-435425.9508103629,-29.055515201545628,-36.99999999999999
2 BHK Apartment in Hitech City,Hyderabad,Hitech City,7493000.000000001,1810 sqft,2 BHK,22479.000000000004,269748.00000000006,80924.40000000001,188823.60000000003,2.52,1498600.0000000002,5994400.000000001,52020.79590086358,624249.5508103629,-435425.9508103629,-29.055515201545628,-36.99999999999999
1 BHK Apartment in Madhapur,Hyderabad,Madhapur,7493000.000000001,1810 sqft,1 BHK,22479.000000000004,269748.00000000006,80924.40000000001,188823.60000000003,2.52,1498600.0000000002,5994400.000000001,52020.79590086358,624249.5508103629,-435425.9508103629,-29.055515201545628,-36.99999999999999
1 BHK Apartment in Kukatpally,Hyderabad,Kukatpally,7493000.000000001,1801 sqft,1 BHK,22479.000000000004,269748.00000000006,80924.40000000001,188823.60000000003,2.52,1498600.0000000002,5994400.000000001,52020.79590086358,624249.5508103629,-435425.9508103629,-29.055515201545628,-36.99999999999999
1 BHK Apartment in Hitech City,Hyderabad,Hitech City,7493000.000000001,1810 sqft,1 BHK,22479.000000000004,269748.00000000006,80924.40000000001,188823.60000000003,2.52,1498600.0000000002,5994400.000000001,52020.79590086358,624249.5508103629,-435425.9508103629,-29.055515201545628,-36.99999999999999
1 BHK Apartment in Kondapur,Hyderabad,Kondapur,7493000.000000001,1801 sqft,1 BHK,22479.000000000004,269748.00000000006,80924.40000000001,188823.60000000003,2.52,1498600.0000000002,5994400.000000001,52020.79590086358,624249.5508103629,-435425.9508103629,-29.055515201545628,-36.99999999999999
1 BHK Apartment in Manikonda,Hyderabad,Manikonda,7493000.000000001,1810 sqft,1 BHK,22479.000000000004,269748.00000000006,80924.40000000001,188823.60000000003,2.52,1498600.0000000002,5994400.000000001,52020.79590086358,624249.5508103629,-435425.9508103629,-29.055515201545628,-36.99999999999999
2 BHK Apartment in Kondapur,Hyderabad,Kondapur,7493000.000000001,1801 sqft,2 BHK,22479.000000000004,269748.00000000006,80924.40000000001,188823.60000000003,2.52,1498600.0000000002,5994400.000000001,52020.79590086358,624249.5508103629,-435425.9508103629,-29.055515201545628,-36.99999999999999
2 BHK Apartment in Manikonda,Hyderabad,Manikonda,7493000.000000001,1810 sqft,2 BHK,22479.000000000004,269748.00000000006,80924.40000000001,188823.60000000003,2.52,1498600.0000000002,5994400.000000001,52020.79590086358,624249.5508103629,-435425.9508103629,-29.055515201545628,-36.99999999999999
2 BHK Apartment in Miyapur,Hyderabad,Miyapur,7493000.000000001,1801 sqft,2 BHK,22479.000000000004,269748.00000000006,80924.40000000001,188823.60000000003,2.52,1498600.0000000002,5994400.000000001,52020.79590086358,624249.5508103629,-435425.9508103629,-29.055515201545628,-36.99999999999999
2 BHK Apartment in Gachibowli,Hyderabad,Gachibowli,10900000.0,1801 sqft,2 BHK,32700.0,392400.0,117720.0,274680.0,2.52,2180000.0,8720000.0,75674.18594947456,908090.2313936946,-633410.2313936946,-29.055515201545628,-37.0
2 BHK Apartment in Madhapur,Hyderabad,Madhapur,10900000.0,1810 sqft,2 BHK,32700.0,392400.0,117720.0,274680.0,2.52,2180000.0,8720000.0,75674.18594947456,908090.2313936946,-633410.2313936946,-29.055515201545628,-37.0
2 BHK Apartment in Kukatpally,Hyderabad,Kukatpally,10900000.0,1801 sqft,2 BHK,32700.0,392400.0,117720.0,274680.0,2.52,2180000.0,8720000.0,75674.18594947456,908090.2313936946,-633410.2313936946,-29.055515201545628,-37.0
2 BHK Apartment in Hitech City,Hyderabad,Hitech City,10900000.0,1810 sqft,2 BHK,32700.0,392400.0,117720.0,274680.0,2.52,2180000.0,8720000.0,75674.18594947456,908090.2313936946,-633410.2313936946,-29.055515201545628,-37.0
1 BHK Apartment in Madhapur,Hyderabad,Madhapur,10900000.0,1810 sqft,1 BHK,32700.0,392400.0,117720.0,274680.0,2.52,2180000.0,8720000.0,75674.18594947456,908090.2313936946,-633410.2313936946,-29.055515201545628,-37.0
1 BHK Apartment in Kukatpally,Hyderabad,Kukatpally,10900000.0,1801 sqft,1 BHK,32700.0,392400.0,117720.0,274680.0,2.52,2180000.0,8720000.0,75674.18594947456,908090.2313936946,-633410.2313936946,-29.055515201545628,-37.0
1 BHK Apartment in Hitech City,Hyderabad,Hitech City,10900000.0,1810 sqft,1 BHK,32700.0,392400.0,117720.0,274680.0,2.52,2180000.0,8720000.0,75674.18594947456,908090.2313936946,-633410.2313936946,-29.055515201545628,-37.0
1 BHK Apartment in Kondapur,Hyderabad,Kondapur,10900000.0,1801 sqft,1 BHK,32700.0,392400.0,117720.0,274680.0,2.52,2180000.0,8720000.0,75674.18594947456,908090.2313936946,-633410.2313936946,-29.055515201545628,-37.0
1 BHK Apartment in Manikonda,Hyderabad,Manikonda,10900000.0,1810 sqft,1 BHK,32700.0,392400.0,117720.0,274680.0,2.52,2180000.0,8720000.0,75674.18594947456,908090.2313936946,-633410.2313936946,-29.055515201545628,-37.0
2 BHK Apartment in Kondapur,Hyderabad,Kondapur,10900000.0,1801 sqft,2 BHK,32700.0,392400.0,117720.0,274680.0,2.52,2180000.0,8720000.0,75674.18594947456,908090.2313936946,-633410.2313936946,-29.055515201545628,-37.0
2 BHK Apartment in Manikonda,Hyderabad,Manikonda,10900000.0,1810 sqft,2 BHK,32700.0,392400.0,117720.0,274680.0,2.52,2180000.0,8720000.0,75674.18594947456,908090.2313936946,-633410.2313936946,-29.055515201545628,-37.0
2 BHK Apartment in Miyapur,Hyderabad,Miyapur,10900000.0,1801 sqft,2 BHK,32700.0,392400.0,117720.0,274680.0,2.52,2180000.0,8720000.0,75674.18594947456,908090.2313936946,-633410.2313936946,-29.055515201545628,-37.0
2 BHK Apartment in Banjara Hills,Hyderabad,Banjara Hills,10900000.0,1810 sqft,2 BHK,32700.0,392400.0,117720.0,274680.0,2.52,2180000.0,8720000.0,75674.18594947456,908090.2313936946,-633410.2313936946,-29.055515201545628,-37.0
1 BHK Apartment in Madhapur,Hyderabad,Madhapur,12900000.0,1810 sqft,1 BHK,38700.0,464400.0,139320.0,325080.0,2.52,2580000.0,10320000.0,89559.3576833231,1074712.2921998773,-749632.2921998773,-29.055515201545635,-37.0
1 BHK Apartment in Kukatpally,Hyderabad,Kukatpally,12900000.0,1801 sqft,1 BHK,38700.0,464400.0,139320.0,325080.0,2.52,2580000.0,10320000.0,89559.3576833231,1074712.2921998773,-749632.2921998773,-29.055515201545635,-37.0
1 BHK Apartment in Hitech City,Hyderabad,Hitech City,12900000.0,1810 sqft,1 BHK,38700.0,464400.0,139320.0,325080.0,2.52,2580000.0,10320000.0,89559.3576833231,1074712.2921998773,-749632.2921998773,-29.055515201545635,-37.0
1 BHK Apartment in Kondapur,Hyderabad,Kondapur,12900000.0,1801 sqft,1 BHK,38700.0,464400.0,139320.0,325080.0,2.52,2580000.0,10320000.0,89559.3576833231,1074712.2921998773,-749632.2921998773,-29.055515201545635,-37.0
1 BHK Apartment in Manikonda,Hyderabad,Manikonda,12900000.0,1810 sqft,1 BHK,38700.0,464400.0,139320.0,325080.0,2.52,2580000.0,10320000.0,89559.3576833231,1074712.2921998773,-749632.2921998773,-29.055515201545635,-37.0
2 BHK Apartment in Hitech City,Hyderabad,Hitech City,12900000.0,1810 sqft,2 BHK,38700.0,464400.0,139320.0,325080.0,2.52,2580000.0,10320000.0,89559.3576833231,1074712.2921998773,-749632.2921998773,-29.055515201545635,-37.0
2 BHK Apartment in Kondapur,Hyderabad,Kondapur,12900000.0,1801 sqft,2 BHK,38700.0,464400.0,139320.0,325080.0,2.52,2580000.0,10320000.0,89559.3576833231,1074712.2921998773,-749632.2921998773,-29.055515201545635,-37.0
2 BHK Apartment in Manikonda,Hyderabad,Manikonda,12900000.0,1810 sqft,2 BHK,38700.0,464400.0,139320.0,325080.0,2.52,2580000.0,10320000.0,89559.3576833231,1074712.2921998773,-749632.2921998773,-29.055515201545635,-37.0
2 BHK Apartment in Miyapur,Hyderabad,Miyapur,12900000.0,1801 sqft,2 BHK,38700.0,464400.0,139320.0,325080.0,2.52,2580000.0,10320000.0,89559.3576833231,1074712.2921998773,-749632.2921998773,-29.055515201545635,-37.0
2 BHK Apartment in Banjara Hills,Hyderabad,Banjara Hills,12900000.0,1810 sqft,2 BHK,38700.0,464400.0,139320.0,325080.0,2.52,2580000.0,10320000.0,89559.3576833231,1074712.2921998773,-749632.2921998773,-29.055515201545635,-37.0
3 BHK Apartment in Manikonda,Hyderabad,Manikonda,12900000.0,1810 sqft,3 BHK,38700.0,464400.0,139320.0,325080.0,2.52,2580000.0,10320000.0,89559.3576833231,1074712.2921998773,-749632.2921998773,-29.055515201545635,-37.0
3 BHK Apartment in Miyapur,Hyderabad,Miyapur,12900000.0,1801 sqft,3 BHK,38700.0,464400.0,139320.0,325080.0,2.52,2580000.0,10320000.0,89559.3576833231,1074712.2921998773,-749632.2921998773,-29.055515201545635,-37.0
3 BHK Apartment in Banjara Hills,Hyderabad,Banjara Hills,12900000.0,1810 sqft,3 BHK,38700.0,464400.0,139320.0,325080.0,2.52,2580000.0,10320000.0,89559.3576833231,1074712.2921998773,-749632.2921998773,-29.055515201545635,-37.0
3 BHK Apartment in Jubilee Hills,Hyderabad,Jubilee Hills,12900000.0,1801 sqft,3 BHK,38700.0,464400.0,139320.0,325080.0,2.52,2580000.0,10320000.0,89559.3576833231,1074712.2921998773,-749632.2921998773,-29.055515201545635,-37.0
1 BHK Apartment in Kukatpally,Hyderabad,Kukatpally,18300000.0,1801 sqft,1 BHK,54900.0,658800.0,197640.0,461160.0,2.52,3660000.0,14640000.0,127049.3213647142,1524591.8563765704,-1063431.8563765704,-29.05551520154564,-37.0
1 BHK Apartment in Hitech City,Hyderabad,Hitech City,18300000.0,1810 sqft,1 BHK,54900.0,658800.0,197640.0,461160.0,2.52,3660000.0,14640000.0,127049.3213647142,1524591.8563765704,-1063431.8563765704,-29.05551520154564,-37.0
1 BHK Apartment in Kondapur,Hyderabad,Kondapur,18300000.0,1801 sqft,1 BHK,54900.0,658800.0,197640.0,461160.0,2.52,3660000.0,14640000.0,127049.3213647142,1524591.8563765704,-1063431.8563765704,-29.05551520154564,-37.0
1 BHK Apartment in Manikonda,Hyderabad,Manikonda,18300000.0,1810 sqft,1 BHK,54900.0,658800.0,197640.0,461160.0,2.52,3660000.0,14640000.0,127049.3213647142,1524591.8563765704,-1063431.8563765704,-29.05551520154564,-37.0
2 BHK Apartment in Hitech City,Hyderabad,Hitech City,18300000.0,1810 sqft,2 BHK,54900.0,658800.0,197640.0,461160.0,2.52,3660000.0,14640000.0,127049.3213647142,1524591.8563765704,-1063431.8563765704,-29.05551520154564,-37.0
2 BHK Apartment in Kondapur,Hyderabad,Kondapur,18300000.0,1801 sqft,2 BHK,54900.0,658800.0,197640.0,461160.0,2.52,3660000.0,14640000.0,127049.3213647142,1524591.8563765704,-1063431.8563765704,-29.05551520154564,-37.0
2 BHK Apartment in Manikonda,Hyderabad,Manikonda,18300000.0,1810 sqft,2 BHK,54900.0,658800.0,197640.0,461160.0,2.52,3660000.0,14640000.0,127049.3213647142,1524591.8563765704,-1063431.8563765704,-29.05551520154564,-37.0
2 BHK Apartment in Miyapur,Hyderabad,Miyapur,18300000.0,1801 sqft,2 BHK,54900.0,658800.0,197640.0,461160.0,2.52,3660000.0,14640000.0,127049.3213647142,1524591.8563765704,-1063431.8563765704,-29.05551520154564,-37.0
2 BHK Apartment in Banjara Hills,Hyderabad,Banjara Hills,18300000.0,1810 sqft,2 BHK,54900.0,658800.0,197640.0,461160.0,2.52,3660000.0,14640000.0,127049.3213647142,1524591.8563765704,-1063431.8563765704,-29.05551520154564,-37.0
3 BHK Apartment in Manikonda,Hyderabad,Manikonda,18300000.0,1810 sqft,3 BHK,54900.0,658800.0,197640.0,461160.0,2.52,3660000.0,14640000.0,127049.3213647142,1524591.8563765704,-1063431.8563765704,-29.05551520154564,-37.0
3 BHK Apartment in Miyapur,Hyderabad,Miyapur,18300000.0,1801 sqft,3 BHK,54900.0,658800.0,197640.0,461160.0,2.52,3660000.0,14640000.0,127049.3213647142,1524591.8563765704,-1063431.8563765704,-29.05551520154564,-37.0
3 BHK Apartment in Banjara Hills,Hyderabad,Banjara Hills,18300000.0,1810 sqft,3 BHK,54900.0,658800.0,197640.0,461160.0,2.52,3660000.0,14640000.0,127049.3213647142,1524591.8563765704,-1063431.8563765704,-29.05551520154564,-37.0
3 BHK Apartment in Jubilee Hills,Hyderabad,Jubilee Hills,18300000.0,1801 sqft,3 BHK,54900.0,658800.0,197640.0,461160.0,2.52,3660000.0,14640000.0,127049.3213647142,1524591.8563765704,-1063431.8563765704,-29.05551520154564,-37.0
3 BHK Apartment in Gachibowli,Hyderabad,Gachibowli,18300000.0,1810 sqft,3 BHK,54900.0,658800.0,197640.0,461160.0,2.52,3660000.0,14640000.0,127049.3213647142,1524591.8563765704,-1063431.8563765704,-29.05551520154564,-37.0
2 BHK Apartment in Hitech City,Hyderabad,Hitech City,19600000.0,1810 sqft,2 BHK,58800.0,705600.0,211680.0,493920.0,2.52,3920000.0,15680000.0,136074.68299171573,1632896.1959005888,-1138976.1959005888,-29.055515201545635,-37.0
2 BHK Apartment in Kondapur,Hyderabad,Kondapur,19600000.0,1801 sqft,2 BHK,58800.0,705600.0,211680.0,493920.0,2.52,3920000.0,15680000.0,136074.68299171573,1632896.1959005888,-1138976.1959005888,-29.055515201545635,-37.0
2 BHK Apartment in Manikonda,Hyderabad,Manikonda,19600000.0,1810 sqft,2 BHK,58800.0,705600.0,211680.0,493920.0,2.52,3920000.0,15680000.0,136074.68299171573,1632896.1959005888,-1138976.1959005888,-29.055515201545635,-37.0
2 BHK Apartment in Miyapur,Hyderabad,Miyapur,19600000.0,1801 sqft,2 BHK,58800.0,705600.0,211680.0,493920.0,2.52,3920000.0,15680000.0,136074.68299171573,1632896.1959005888,-1138976.1959005888,-29.055515201545635,-37.0
2 BHK Apartment in Banjara Hills,Hyderabad,Banjara Hills,19600000.0,1810 sqft,2 BHK,58800.0,705600.0,211680.0,493920.0,2.52,3920000.0,15680000.0,136074.68299171573,1632896.1959005888,-1138976.1959005888,-29.055515201545635,-37.0
3 BHK Apartment in Manikonda,Hyderabad,Manikonda,19600000.0,1810 sqft,3 BHK,58800.0,705600.0,211680.0,493920.0,2.52,3920000.0,15680000.0,136074.68299171573,1632896.1959005888,-1138976.1959005888,-29.055515201545635,-37.0
3 BHK Apartment in Miyapur,Hyderabad,Miyapur,19600000.0,1801 sqft,3 BHK,58800.0,705600.0,211680.0,493920.0,2.52,3920000.0,15680000.0,136074.68299171573,1632896.1959005888,-1138976.1959005888,-29.055515201545635,-37.0
3 BHK Apartment in Banjara Hills,Hyderabad,Banjara Hills,19600000.0,1810 sqft,3 BHK,58800.0,705600.0,211680.0,493920.0,2.52,3920000.0,15680000.0,136074.68299171573,1632896.1959005888,-1138976.1959005888,-29.055515201545635,-37.0
3 BHK Apartment in Jubilee Hills,Hyderabad,Jubilee Hills,19600000.0,1801 sqft,3 BHK,58800.0,705600.0,211680.0,493920.0,2.52,3920000.0,15680000.0,136074.68299171573,1632896.1959005888,-1138976.1959005888,-29.055515201545635,-37.0
3 BHK Apartment in Gachibowli,Hyderabad,Gachibowli,19600000.0,1810 sqft,3 BHK,58800.0,705600.0,211680.0,493920.0,2.52,3920000.0,15680000.0,136074.68299171573,1632896.1959005888,-1138976.1959005888,-29.055515201545635,-37.0
1 BHK Apartment in Banjara Hills,Hyderabad,Banjara Hills,19600000.0,1810 sqft,1 BHK,58800.0,705600.0,211680.0,493920.0,2.52,3920000.0,15680000.0,136074.68299171573,1632896.1959005888,-1138976.1959005888,-29.055515201545635,-37.0
1 BHK Apartment in Jubilee Hills,Hyderabad,Jubilee Hills,19600000.0,1801 sqft,1 BHK,58800.0,705600.0,211680.0,493920.0,2.52,3920000.0,15680000.0,136074.68299171573,1632896.1959005888,-1138976.1959005888,-29.055515201545635,-37.0
1 BHK Apartment in Gachibowli,Hyderabad,Gachibowli,19600000.0,1810 sqft,1 BHK,58800.0,705600.0,211680.0,493920.0,2.52,3920000.0,15680000.0,136074.68299171573,1632896.1959005888,-1138976.1959005888,-29.055515201545635,-37.0
1 BHK Apartment in Madhapur,Hyderabad,Madhapur,19600000.0,1801 sqft,1 BHK,58800.0,705600.0,211680.0,493920.0,2.52,3920000.0,15680000.0,136074.68299171573,1632896.1959005888,-1138976.1959005888,-29.055515201545635,-37.0
2 BHK Apartment in Kondapur,Hyderabad,Kondapur,5907000.0,1801 sqft,2 BHK,17721.0,212652.0,63795.6,148856.4,2.52,1181400.0,4725600.0,41009.854715921676,492118.2565910601,-343261.85659106006,-29.055515201545628,-37.0
2 BHK Apartment in Manikonda,Hyderabad,Manikonda,5907000.0,1810 sqft,2 BHK,17721.0,212652.0,63795.6,148856.4,2.52,1181400.0,4725600.0,41009.854715921676,492118.2565910601,-343261.85659106006,-29.055515201545628,-37.0
2 BHK Apartment in Miyapur,Hyderabad,Miyapur,5907000.0,1801 sqft,2 BHK,17721.0,212652.0,63795.6,148856.4,2.52,1181400.0,4725600.0,41009.854715921676,492118.2565910601,-343261.85659106006,-29.055515201545628,-37.0
2 BHK Apartment in Banjara Hills,Hyderabad,Banjara Hills,5907000.0,1810 sqft,2 BHK,17721.0,212652.0,63795.6,148856.4,2.52,1181400.0,4725600.0,41009.854715921676,492118.2565910601,-343261.85659106006,-29.055515201545628,-37.0
3 BHK Apartment in Manikonda,Hyderabad,Manikonda,5907000.0,1810 sqft,3 BHK,17721.0,212652.0,63795.6,148856.4,2.52,1181400.0,4725600.0,41009.854715921676,492118.2565910601,-343261.85659106006,-29.055515201545628,-37.0
3 BHK Apartment in Miyapur,Hyderabad,Miyapur,5907000.0,1801 sqft,3 BHK,17721.0,212652.0,63795.6,148856.4,2.52,1181400.0,4725600.0,41009.854715921676,492118.2565910601,-343261.85659106006,-29.055515201545628,-37.0
3 BHK Apartment in Banjara Hills,Hyderabad,Banjara Hills,5907000.0,1810 sqft,3 BHK,17721.0,212652.0,63795.6,148856.4,2.52,1181400.0,4725600.0,41009.854715921676,492118.2565910601,-343261.85659106006,-29.055515201545628,-37.0
3 BHK Apartment in Jubilee Hills,Hyderabad,Jubilee Hills,5907000.0,1801 sqft,3 BHK,17721.0,212652.0,63795.6,148856.4,2.52,1181400.0,4725600.0,41009.854715921676,492118.2565910601,-343261.85659106006,-29.055515201545628,-37.0
3 BHK Apartment in Gachibowli,Hyderabad,Gachibowli,5907000.0,1810 sqft,3 BHK,17721.0,212652.0,63795.6,148856.4,2.52,1181400.0,4725600.0,41009.854715921676,492118.2565910601,-343261.85659106006,-29.055515201545628,-37.0
1 BHK Apartment in Banjara Hills,Hyderabad,Banjara Hills,5907000.0,1810 sqft,1 BHK,17721.0,212652.0,63795.6,148856.4,2.52,1181400.0,4725600.0,41009.854715921676,492118.2565910601,-343261.85659106006,-29.055515201545628,-37.0
1 BHK Apartment in Jubilee Hills,Hyderabad,Jubilee Hills,5907000.0,1801 sqft,1 BHK,17721.0,212652.0,63795.6,148856.4,2.52,1181400.0,4725600.0,41009.854715921676,492118.2565910601,-343261.85659106006,-29.055515201545628,-37.0
1 BHK Apartment in Gachibowli,Hyderabad,Gachibowli,5907000.0,1810 sqft,1 BHK,17721.0,212652.0,63795.6,148856.4,2.52,1181400.0,4725600.0,41009.854715921676,492118.2565910601,-343261.85659106006,-29.055515201545628,-37.0
1 BHK Apartment in Madhapur,Hyderabad,Madhapur,5907000.0,1801 sqft,1 BHK,17721.0,212652.0,63795.6,148856.4,2.52,1181400.0,4725600.0,41009.854715921676,492118.2565910601,-343261.85659106006,-29.055515201545628,-37.0
1 BHK Apartment in Kukatpally,Hyderabad,Kukatpally,5907000.0,1810 sqft,1 BHK,17721.0,212652.0,63795.6,148856.4,2.52,1181400.0,4725600.0,41009.854715921676,492118.2565910601,-343261.85659106006,-29.055515201545628,-37.0
3 BHK Apartment in Manikonda,Hyderabad,Manikonda,11600000.0,1810 sqft,3 BHK,34800.0,417600.0,125280.0,292320.0,2.52,2320000.0,9280000.0,80533.99605632157,966407.9526758589,-674087.9526758589,-29.05551520154564,-37.0
3 BHK Apartment in Miyapur,Hyderabad,Miyapur,11600000.0,1801 sqft,3 BHK,34800.0,417600.0,125280.0,292320.0,2.52,2320000.0,9280000.0,80533.99605632157,966407.9526758589,-674087.9526758589,-29.05551520154564,-37.0
3 BHK Apartment in Banjara Hills,Hyderabad,Banjara Hills,11600000.0,1810 sqft,3 BHK,34800.0,417600.0,125280.0,292320.0,2.52,2320000.0,9280000.0,80533.99605632157,966407.9526758589,-674087.9526758589,-29.05551520154564,-37.0
3 BHK Apartment in Jubilee Hills,Hyderabad,Jubilee Hills,11600000.0,1801 sqft,3 BHK,34800.0,417600.0,125280.0,292320.0,2.52,2320000.0,9280000.0,80533.99605632157,966407.9526758589,-674087.9526758589,-29.05551520154564,-37.0
3 BHK Apartment in Gachibowli,Hyderabad,Gachibowli,11600000.0,1810 sqft,3 BHK,34800.0,417600.0,125280.0,292320.0,2.52,2320000.0,9280000.0,80533.99605632157,966407.9526758589,-674087.9526758589,-29.05551520154564,-37.0
1 BHK Apartment in Banjara Hills,Hyderabad,Banjara Hills,11600000.0,1810 sqft,1 BHK,34800.0,417600.0,125280.0,292320.0,2.52,2320000.0,9280000.0,80533.99605632157,966407.9526758589,-674087.9526758589,-29.05551520154564,-37.0
1 BHK Apartment in Jubilee Hills,Hyderabad,Jubilee Hills,11600000.0,1801 sqft,1 BHK,34800.0,417600.0,125280.0,292320.0,2.52,2320000.0,9280000.0,80533.99605632157,966407.9526758589,-674087.9526758589,-29.05551520154564,-37.0
1 BHK Apartment in Gachibowli,Hyderabad,Gachibowli,11600000.0,1810 sqft,1 BHK,34800.0,417600.0,125280.0,292320.0,2.52,2320000.0,9280000.0,80533.99605632157,966407.9526758589,-674087.9526758589,-29.05551520154564,-37.0
1 BHK Apartment in Madhapur,Hyderabad,Madhapur,11600000.0,1801 sqft,1 BHK,34800.0,417600.0,125280.0,292320.0,2.52,2320000.0,9280000.0,80533.99605632157,966407.9526758589,-674087.9526758589,-29.05551520154564,-37.0
1 BHK Apartment in Kukatpally,Hyderabad,Kukatpally,11600000.0,1810 sqft,1 BHK,34800.0,417600.0,125280.0,292320.0,2.52,2320000.0,9280000.0,80533.99605632157,966407.9526758589,-674087.9526758589,-29.05551520154564,-37.0
2 BHK Apartment in Gachibowli,Hyderabad,Gachibowli,11600000.0,1810 sqft,2 BHK,34800.0,417600.0,125280.0,292320.0,2.52,2320000.0,9280000.0,80533.99605632157,966407.9526758589,-674087.9526758589,-29.05551520154564,-37.0
2 BHK Apartment in Madhapur,Hyderabad,Madhapur,11600000.0,1801 sqft,2 BHK,34800.0,417600.0,125280.0,292320.0,2.52,2320000.0,9280000.0,80533.99605632157,966407.9526758589,-674087.9526758589,-29.05551520154564,-37.0
2 BHK Apartment in Kukatpally,Hyderabad,Kukatpally,11600000.0,1810 sqft,2 BHK,34800.0,417600.0,125280.0,292320.0,2.52,2320000.0,9280000.0,80533.99605632157,966407.9526758589,-674087.9526758589,-29.05551520154564,-37.0
2 BHK Apartment in Hitech City,Hyderabad,Hitech City,11600000.0,1801 sqft,2 BHK,34800.0,417600.0,125280.0,292320.0,2.52,2320000.0,9280000.0,80533.99605632157,966407.9526758589,-674087.9526758589,-29.05551520154564,-37.0
3 BHK Apartment in Miyapur,Hyderabad,Miyapur,9135000.0,1801 sqft,3 BHK,27405.0,328860.0,98658.0,230202.0,2.52,1827000.0,7308000.0,63420.52189435324,761046.2627322389,-530844.2627322389,-29.05551520154564,-37.0
3 BHK Apartment in Banjara Hills,Hyderabad,Banjara Hills,9135000.0,1810 sqft,3 BHK,27405.0,328860.0,98658.0,230202.0,2.52,1827000.0,7308000.0,63420.52189435324,761046.2627322389,-530844.2627322389,-29.05551520154564,-37.0
3 BHK Apartment in Jubilee Hills,Hyderabad,Jubilee Hills,9135000.0,1801 sqft,3 BHK,27405.0,328860.0,98658.0,230202.0,2.52,1827000.0,7308000.0,63420.52189435324,761046.2627322389,-530844.2627322389,-29.05551520154564,-37.0
3 BHK Apartment in Gachibowli,Hyderabad,Gachibowli,9135000.0,1810 sqft,3 BHK,27405.0,328860.0,98658.0,230202.0,2.52,1827000.0,7308000.0,63420.52189435324,761046.2627322389,-530844.2627322389,-29.05551520154564,-37.0
1 BHK Apartment in Banjara Hills,Hyderabad,Banjara Hills,9135000.0,1810 sqft,1 BHK,27405.0,328860.0,98658.0,230202.0,2.52,1827000.0,7308000.0,63420.52189435324,761046.2627322389,-530844.2627322389,-29.05551520154564,-37.0
1 BHK Apartment in Jubilee Hills,Hyderabad,Jubilee Hills,9135000.0,1801 sqft,1 BHK,27405.0,328860.0,98658.0,230202.0,2.52,1827000.0,7308000.0,63420.52189435324,761046.2627322389,-530844.2627322389,-29.05551520154564,-37.0
1 BHK Apartment in Gachibowli,Hyderabad,Gachibowli,9135000.0,1810 sqft,1 BHK,27405.0,328860.0,98658.0,230202.0,2.52,1827000.0,7308000.0,63420.52189435324,761046.2627322389,-530844.2627322389,-29.05551520154564,-37.0
1 BHK Apartment in Madhapur,Hyderabad,Madhapur,9135000.0,1801 sqft,1 BHK,27405.0,328860.0,98658.0,230202.0,2.52,1827000.0,7308000.0,63420.52189435324,761046.2627322389,-530844.2627322389,-29.05551520154564,-37.0
1 BHK Apartment in Kukatpally,Hyderabad,Kukatpally,9135000.0,1810 sqft,1 BHK,27405.0,328860.0,98658.0,230202.0,2.52,1827000.0,7308000.0,63420.52189435324,761046.2627322389,-530844.2627322389,-29.05551520154564,-37.0
2 BHK Apartment in Gachibowli,Hyderabad,Gachibowli,9135000.0,1810 sqft,2 BHK,27405.0,328860.0,98658.0,230202.0,2.52,1827000.0,7308000.0,63420.52189435324,761046.2627322389,-530844.2627322389,-29.05551520154564,-37.0
2 BHK Apartment in Madhapur,Hyderabad,Madhapur,9135000.0,1801 sqft,2 BHK,27405.0,328860.0,98658.0,230202.0,2.52,1827000.0,7308000.0,63420.52189435324,761046.2627322389,-530844.2627322389,-29.05551520154564,-37.0
2 BHK Apartment in Kukatpally,Hyderabad,Kukatpally,9135000.0,1810 sqft,2 BHK,27405.0,328860.0,98658.0,230202.0,2.52,1827000.0,7308000.0,63420.52189435324,761046.2627322389,-530844.2627322389,-29.05551520154564,-37.0
2 BHK Apartment in Hitech City,Hyderabad,Hitech City,9135000.0,1801 sqft,2 BHK,27405.0,328860.0,98658.0,230202.0,2.52,1827000.0,7308000.0,63420.52189435324,761046.2627322389,-530844.2627322389,-29.05551520154564,-37.0
2 BHK Apartment in Kondapur,Hyderabad,Kondapur,9135000.0,1810 sqft,2 BHK,27405.0,328860.0,98658.0,230202.0,2.52,1827000.0,7308000.0,63420.52189435324,761046.2627322389,-530844.2627322389,-29.05551520154564,-37.0
1 BHK Apartment in Banjara Hills,Hyderabad,Banjara Hills,6668000.000000001,1810 sqft,1 BHK,20004.000000000004,240048.00000000006,72014.40000000001,168033.60000000003,2.52,1333600.0000000002,5334400.000000001,46293.16256065106,555517.9507278127,-387484.3507278127,-29.055515201545635,-36.99999999999999
1 BHK Apartment in Jubilee Hills,Hyderabad,Jubilee Hills,6668000.000000001,1801 sqft,1 BHK,20004.000000000004,240048.00000000006,72014.40000000001,168033.60000000003,2.52,1333600.0000000002,5334400.000000001,46293.16256065106,555517.9507278127,-387484.3507278127,-29.055515201545635,-36.99999999999999
1 BHK Apartment in Gachibowli,Hyderabad,Gachibowli,6668000.000000001,1810 sqft,1 BHK,20004.000000000004,240048.00000000006,72014.40000000001,168033.60000000003,2.52,1333600.0000000002,5334400.000000001,46293.16256065106,555517.9507278127,-387484.3507278127,-29.055515201545635,-36.99999999999999
1 BHK Apartment in Madhapur,Hyderabad,Madhapur,6668000.000000001,1801 sqft,1 BHK,20004.000000000004,240048.00000000006,72014.40000000001,168033.60000000003,2.52,1333600.0000000002,5334400.000000001,46293.16256065106,555517.9507278127,-387484.3507278127,-29.055515201545635,-36.99999999999999
1 BHK Apartment in Kukatpally,Hyderabad,Kukatpally,6668000.000000001,1810 sqft,1 BHK,20004.000000000004,240048.00000000006,72014.40000000001,168033.60000000003,2.52,1333600.0000000002,5334400.000000001,46293.16256065106,555517.9507278127,-387484.3507278127,-29.055515201545635,-36.99999999999999
2 BHK Apartment in Gachibowli,Hyderabad,Gachibowli,6668000.000000001,1810 sqft,2 BHK,20004.000000000004,240048.00000000006,72014.40000000001,168033.60000000003,2.52,1333600.0000000002,5334400.000000001,46293.16256065106,555517.9507278127,-387484.3507278127,-29.055515201545635,-36.99999999999999
2 BHK Apartment in Madhapur,Hyderabad,Madhapur,6668000.000000001,1801 sqft,2 BHK,20004.000000000004,240048.00000000006,72014.40000000001,168033.60000000003,2.52,1333600.0000000002,5334400.000000001,46293.16256065106,555517.9507278127,-387484.3507278127,-29.055515201545635,-36.99999999999999
2 BHK Apartment in Kukatpally,Hyderabad,Kukatpally,6668000.000000001,1810 sqft,2 BHK,20004.000000000004,240048.00000000006,72014.40000000001,168033.60000000003,2.52,1333600.0000000002,5334400.000000001,46293.16256065106,555517.9507278127,-387484.3507278127,-29.055515201545635,-36.99999999999999
2 BHK Apartment in Hitech City,Hyderabad,Hitech City,6668000.000000001,1801 sqft,2 BHK,20004.000000000004,240048.00000000006,72014.40000000001,168033.60000000003,2.52,1333600.0000000002,5334400.000000001,46293.16256065106,555517.9507278127,-387484.3507278127,-29.055515201545635,-36.99999999999999
2 BHK Apartment in Kondapur,Hyderabad,Kondapur,6668000.000000001,1810 sqft,2 BHK,20004.000000000004,240048.00000000006,72014.40000000001,168033.60000000003,2.52,1333600.0000000002,5334400.000000001,46293.16256065106,555517.9507278127,-387484.3507278127,-29.055515201545635,-36.99999999999999
3 BHK Apartment in Kukatpally,Hyderabad,Kukatpally,6668000.000000001,1810 sqft,3 BHK,20004.000000000004,240048.00000000006,72014.40000000001,168033.60000000003,2.52,1333600.0000000002,5334400.000000001,46293.16256065106,555517.9507278127,-387484.3507278127,-29.055515201545635,-36.99999999999999
3 BHK Apartment in Hitech City,Hyderabad,Hitech City,6668000.000000001,1801 sqft,3 BHK,20004.000000000004,240048.00000000006,72014.40000000001,168033.60000000003,2.52,1333600.0000000002,5334400.000000001,46293.16256065106,555517.9507278127,-387484.3507278127,-29.055515201545635,-36.99999999999999
3 BHK Apartment in Kondapur,Hyderabad,Kondapur,6668000.000000001,1810 sqft,3 BHK,20004.000000000004,240048.00000000006,72014.40000000001,168033.60000000003,2.52,1333600.0000000002,5334400.000000001,46293.16256065106,555517.9507278127,-387484.3507278127,-29.055515201545635,-36.99999999999999
3 BHK Apartment in Manikonda,Hyderabad,Manikonda,6668000.000000001,1801 sqft,3 BHK,20004.000000000004,240048.00000000006,72014.40000000001,168033.60000000003,2.52,1333600.0000000002,5334400.000000001,46293.16256065106,555517.9507278127,-387484.3507278127,-29.055515201545635,-36.99999999999999
1 BHK Apartment in Jubilee Hills,Hyderabad,Jubilee Hills,15100000.0,1801 sqft,1 BHK,45300.0,543600.0,163080.0,380520.0,2.52,3020000.0,12080000.0,104833.04659055652,1257996.5590866783,-877476.5590866783,-29.05551520154564,-37.0
1 BHK Apartment in Gachibowli,Hyderabad,Gachibowli,15100000.0,1810 sqft,1 BHK,45300.0,543600.0,163080.0,380520.0,2.52,3020000.0,12080000.0,104833.04659055652,1257996.5590866783,-877476.5590866783,-29.05551520154564,-37.0
1 BHK Apartment in Madhapur,Hyderabad,Madhapur,15100000.0,1801 sqft,1 BHK,45300.0,543600.0,163080.0,380520.0,2.52,3020000.0,12080000.0,104833.04659055652,1257996.5590866783,-877476.5590866783,-29.05551520154564,-37.0
1 BHK Apartment in Kukatpally,Hyderabad,Kukatpally,15100000.0,1810 sqft,1 BHK,45300.0,543600.0,163080.0,380520.0,2.52,3020000.0,12080000.0,104833.04659055652,1257996.5590866783,-877476.5590866783,-29.05551520154564,-37.0
2 BHK Apartment in Gachibowli,Hyderabad,Gachibowli,15100000.0,1810 sqft,2 BHK,45300.0,543600.0,163080.0,380520.0,2.52,3020000.0,12080000.0,104833.04659055652,1257996.5590866783,-877476.5590866783,-29.05551520154564,-37.0
2 BHK Apartment in Madhapur,Hyderabad,Madhapur,15100000.0,1801 sqft,2 BHK,45300.0,543600.0,163080.0,380520.0,2.52,3020000.0,12080000.0,104833.04659055652,1257996.5590866783,-877476.5590866783,-29.05551520154564,-37.0
2 BHK Apartment in Kukatpally,Hyderabad,Kukatpally,15100000.0,1810 sqft,2 BHK,45300.0,543600.0,163080.0,380520.0,2.52,3020000.0,12080000.0,104833.04659055652,1257996.5590866783,-877476.5590866783,-29.05551520154564,-37.0
2 BHK Apartment in Hitech City,Hyderabad,Hitech City,15100000.0,1801 sqft,2 BHK,45300.0,543600.0,163080.0,380520.0,2.52,3020000.0,12080000.0,104833.04659055652,1257996.5590866783,-877476.5590866783,-29.05551520154564,-37.0
2 BHK Apartment in Kondapur,Hyderabad,Kondapur,15100000.0,1810 sqft,2 BHK,45300.0,543600.0,163080.0,380520.0,2.52,3020000.0,12080000.0,104833.04659055652,1257996.5590866783,-877476.5590866783,-29.05551520154564,-37.0
3 BHK Apartment in Kukatpally,Hyderabad,Kukatpally,15100000.0,1810 sqft,3 BHK,45300.0,543600.0,163080.0,380520.0,2.52,3020000.0,12080000.0,104833.04659055652,1257996.5590866783,-877476.5590866783,-29.05551520154564,-37.0
3 BHK Apartment in Hitech City,Hyderabad,Hitech City,15100000.0,1801 sqft,3 BHK,45300.0,543600.0,163080.0,380520.0,2.52,3020000.0,12080000.0,104833.04659055652,1257996.5590866783,-877476.5590866783,-29.05551520154564,-37.0
3 BHK Apartment in Kondapur,Hyderabad,Kondapur,15100000.0,1810 sqft,3 BHK,45300.0,543600.0,163080.0,380520.0,2.52,3020000.0,12080000.0,104833.04659055652,1257996.5590866783,-877476.5590866783,-29.05551520154564,-37.0
3 BHK Apartment in Manikonda,Hyderabad,Manikonda,15100000.0,1801 sqft,3 BHK,45300.0,543600.0,163080.0,380520.0,2.52,3020000.0,12080000.0,104833.04659055652,1257996.5590866783,-877476.5590866783,-29.05551520154564,-37.0
4 BHK Apartment in Hitech City,Hyderabad,Hitech City,15100000.0,1801 sqft,4 BHK,45300.0,543600.0,163080.0,380520.0,2.52,3020000.0,12080000.0,104833.04659055652,1257996.5590866783,-877476.5590866783,-29.05551520154564,-37.0
4 BHK Apartment in Kondapur,Hyderabad,Kondapur,15100000.0,1810 sqft,4 BHK,45300.0,543600.0,163080.0,380520.0,2.52,3020000.0,12080000.0,104833.04659055652,1257996.5590866783,-877476.5590866783,-29.05551520154564,-37.0
4 BHK Apartment in Manikonda,Hyderabad,Manikonda,15100000.0,1801 sqft,4 BHK,45300.0,543600.0,163080.0,380520.0,2.52,3020000.0,12080000.0,104833.04659055652,1257996.5590866783,-877476.5590866783,-29.05551520154564,-37.0
4 BHK Apartment in Miyapur,Hyderabad,Miyapur,15100000.0,1810 sqft,4 BHK,45300.0,543600.0,163080.0,380520.0,2.52,3020000.0,12080000.0,104833.04659055652,1257996.5590866783,-877476.5590866783,-29.05551520154564,-37.0
2 BHK Apartment in Gachibowli,Hyderabad,Gachibowli,12200000.0,1810 sqft,2 BHK,36600.0,439200.0,131760.0,307440.0,2.52,2440000.0,9760000.0,84699.54757647612,1016394.5709177135,-708954.5709177135,-29.055515201545635,-37.0
2 BHK Apartment in Madhapur,Hyderabad,Madhapur,12200000.0,1801 sqft,2 BHK,36600.0,439200.0,131760.0,307440.0,2.52,2440000.0,9760000.0,84699.54757647612,1016394.5709177135,-708954.5709177135,-29.055515201545635,-37.0
2 BHK Apartment in Kukatpally,Hyderabad,Kukatpally,12200000.0,1810 sqft,2 BHK,36600.0,439200.0,131760.0,307440.0,2.52,2440000.0,9760000.0,84699.54757647612,1016394.5709177135,-708954.5709177135,-29.055515201545635,-37.0
2 BHK Apartment in Hitech City,Hyderabad,Hitech City,12200000.0,1801 sqft,2 BHK,36600.0,439200.0,131760.0,307440.0,2.52,2440000.0,9760000.0,84699.54757647612,1016394.5709177135,-708954.5709177135,-29.055515201545635,-37.0
2 BHK Apartment in Kondapur,Hyderabad,Kondapur,12200000.0,1810 sqft,2 BHK,36600.0,439200.0,131760.0,307440.0,2.52,2440000.0,9760000.0,84699.54757647612,1016394.5709177135,-708954.5709177135,-29.055515201545635,-37.0
3 BHK Apartment in Kukatpally,Hyderabad,Kukatpally,12200000.0,1810 sqft,3 BHK,36600.0,439200.0,131760.0,307440.0,2.52,2440000.0,9760000.0,84699.54757647612,1016394.5709177135,-708954.5709177135,-29.055515201545635,-37.0
3 BHK Apartment in Hitech City,Hyderabad,Hitech City,12200000.0,1801 sqft,3 BHK,36600.0,439200.0,131760.0,307440.0,2.52,2440000.0,9760000.0,84699.54757647612,1016394.5709177135,-708954.5709177135,-29.055515201545635,-37.0
3 BHK Apartment in Kondapur,Hyderabad,Kondapur,12200000.0,1810 sqft,3 BHK,36600.0,439200.0,131760.0,307440.0,2.52,2440000.0,9760000.0,84699.54757647612,1016394.5709177135,-708954.5709177135,-29.055515201545635,-37.0
3 BHK Apartment in Manikonda,Hyderabad,Manikonda,12200000.0,1801 sqft,3 BHK,36600.0,439200.0,131760.0,307440.0,2.52,2440000.0,9760000.0,84699.54757647612,1016394.5709177135,-708954.5709177135,-29.055515201545635,-37.0
4 BHK Apartment in Hitech City,Hyderabad,Hitech City,12200000.0,1801 sqft,4 BHK,36600.0,439200.0,131760.0,307440.0,2.52,2440000.0,9760000.0,84699.54757647612,1016394.5709177135,-708954.5709177135,-29.055515201545635,-37.0
4 BHK Apartment in Kondapur,Hyderabad,Kondapur,12200000.0,1810 sqft,4 BHK,36600.0,439200.0,131760.0,307440.0,2.52,2440000.0,9760000.0,84699.54757647612,1016394.5709177135,-708954.5709177135,-29.055515201545635,-37.0
4 BHK Apartment in Manikonda,Hyderabad,Manikonda,12200000.0,1801 sqft,4 BHK,36600.0,439200.0,131760.0,307440.0,2.52,2440000.0,9760000.0,84699.54757647612,1016394.5709177135,-708954.5709177135,-29.055515201545635,-37.0
4 BHK Apartment in Miyapur,Hyderabad,Miyapur,12200000.0,1810 sqft,4 BHK,36600.0,439200.0,131760.0,307440.0,2.52,2440000.0,9760000.0,84699.54757647612,1016394.5709177135,-708954.5709177135,-29.055515201545635,-37.0
4 BHK Apartment in Banjara Hills,Hyderabad,Banjara Hills,12200000.0,1801 sqft,4 BHK,36600.0,439200.0,131760.0,307440.0,2.52,2440000.0,9760000.0,84699.54757647612,1016394.5709177135,-708954.5709177135,-29.055515201545635,-37.0
2 BHK Apartment in Madhapur,Hyderabad,Madhapur,8774000.0,1801 sqft,2 BHK,26322.0,315864.0,94759.2,221104.8,2.52,1754800.0,7019200.0,60914.24839639357,730970.9807567229,-509866.18075672287,-29.05551520154564,-37.0
2 BHK Apartment in Kukatpally,Hyderabad,Kukatpally,8774000.0,1810 sqft,2 BHK,26322.0,315864.0,94759.2,221104.8,2.52,1754800.0,7019200.0,60914.24839639357,730970.9807567229,-509866.18075672287,-29.05551520154564,-37.0
2 BHK Apartment in Hitech City,Hyderabad,Hitech City,8774000.0,1801 sqft,2 BHK,26322.0,315864.0,94759.2,221104.8,2.52,1754800.0,7019200.0,60914.24839639357,730970.9807567229,-509866.18075672287,-29.05551520154564,-37.0
2 BHK Apartment in Kondapur,Hyderabad,Kondapur,8774000.0,1810 sqft,2 BHK,26322.0,315864.0,94759.2,221104.8,2.52,1754800.0,7019200.0,60914.24839639357,730970.9807567229,-509866.18075672287,-29.05551520154564,-37.0
3 BHK Apartment in Kukatpally,Hyderabad,Kukatpally,8774000.0,1810 sqft,3 BHK,26322.0,315864.0,94759.2,221104.8,2.52,1754800.0,7019200.0,60914.24839639357,730970.9807567229,-509866.18075672287,-29.05551520154564,-37.0
3 BHK Apartment in Hitech City,Hyderabad,Hitech City,8774000.0,1801 sqft,3 BHK,26322.0,315864.0,94759.2,221104.8,2.52,1754800.0,7019200.0,60914.24839639357,730970.9807567229,-509866.18075672287,-29.05551520154564,-37.0
3 BHK Apartment in Kondapur,Hyderabad,Kondapur,8774000.0,1810 sqft,3 BHK,26322.0,315864.0,94759.2,221104.8,2.52,1754800.0,7019200.0,60914.24839639357,730970.9807567229,-509866.18075672287,-29.05551520154564,-37.0
3 BHK Apartment in Manikonda,Hyderabad,Manikonda,8774000.0,1801 sqft,3 BHK,26322.0,315864.0,94759.2,221104.8,2.52,1754800.0,7019200.0,60914.24839639357,730970.9807567229,-509866.18075672287,-29.05551520154564,-37.0
4 BHK Apartment in Hitech City,Hyderabad,Hitech City,8774000.0,1801 sqft,4 BHK,26322.0,315864.0,94759.2,221104.8,2.52,1754800.0,7019200.0,60914.24839639357,730970.9807567229,-509866.18075672287,-29.05551520154564,-37.0
4 BHK Apartment in Kondapur,Hyderabad,Kondapur,8774000.0,1810 sqft,4 BHK,26322.0,315864.0,94759.2,221104.8,2.52,1754800.0,7019200.0,60914.24839639357,730970.9807567229,-509866.18075672287,-29.05551520154564,-37.0
4 BHK Apartment in Manikonda,Hyderabad,Manikonda,8774000.0,1801 sqft,4 BHK,26322.0,315864.0,94759.2,221104.8,2.52,1754800.0,7019200.0,60914.24839639357,730970.9807567229,-509866.18075672287,-29.05551520154564,-37.0
4 BHK Apartment in Miyapur,Hyderabad,Miyapur,8774000.0,1810 sqft,4 BHK,26322.0,315864.0,94759.2,221104.8,2.52,1754800.0,7019200.0,60914.24839639357,730970.9807567229,-509866.18075672287,-29.05551520154564,-37.0
4 BHK Apartment in Banjara Hills,Hyderabad,Banjara Hills,8774000.0,1801 sqft,4 BHK,26322.0,315864.0,94759.2,221104.8,2.52,1754800.0,7019200.0,60914.24839639357,730970.9807567229,-509866.18075672287,-29.05551520154564,-37.0
5 BHK Apartment in Manikonda,Hyderabad,Manikonda,8774000.0,1801 sqft,5 BHK,26322.0,315864.0,94759.2,221104.8,2.52,1754800.0,7019200.0,60914.24839639357,730970.9807567229,-509866.18075672287,-29.05551520154564,-37.0
5 BHK Apartment in Miyapur,Hyderabad,Miyapur,8774000.0,1810 sqft,5 BHK,26322.0,315864.0,94759.2,221104.8,2.52,1754800.0,7019200.0,60914.24839639357,730970.9807567229,-509866.18075672287,-29.05551520154564,-37.0
5 BHK Apartment in Banjara Hills,Hyderabad,Banjara Hills,8774000.0,1801 sqft,5 BHK,26322.0,315864.0,94759.2,221104.8,2.52,1754800.0,7019200.0,60914.24839639357,730970.9807567229,-509866.18075672287,-29.05551520154564,-37.0
5 BHK Apartment in Jubilee Hills,Hyderabad,Jubilee Hills,8774000.0,1810 sqft,5 BHK,26322.0,315864.0,94759.2,221104.8,2.52,1754800.0,7019200.0,60914.24839639357,730970.9807567229,-509866.18075672287,-29.05551520154564,-37.0
3 BHK Apartment in Kukatpally,Hyderabad,Kukatpally,11100000.0,1810 sqft,3 BHK,33300.0,399600.0,119880.0,279720.0,2.52,2220000.0,8880000.0,77062.70312285943,924752.4374743132,-645032.4374743132,-29.05551520154564,-37.0
3 BHK Apartment in Hitech City,Hyderabad,Hitech City,11100000.0,1801 sqft,3 BHK,33300.0,399600.0,119880.0,279720.0,2.52,2220000.0,8880000.0,77062.70312285943,924752.4374743132,-645032.4374743132,-29.05551520154564,-37.0
3 BHK Apartment in Kondapur,Hyderabad,Kondapur,11100000.0,1810 sqft,3 BHK,33300.0,399600.0,119880.0,279720.0,2.52,2220000.0,8880000.0,77062.70312285943,924752.4374743132,-645032.4374743132,-29.05551520154564,-37.0
3 BHK Apartment in Manikonda,Hyderabad,Manikonda,11100000.0,1801 sqft,3 BHK,33300.0,399600.0,119880.0,279720.0,2.52,2220000.0,8880000.0,77062.70312285943,924752.4374743132,-645032.4374743132,-29.05551520154564,-37.0
4 BHK Apartment in Hitech City,Hyderabad,Hitech City,11100000.0,1801 sqft,4 BHK,33300.0,399600.0,119880.0,279720.0,2.52,2220000.0,8880000.0,77062.70312285943,924752.4374743132,-645032.4374743132,-29.05551520154564,-37.0
4 BHK Apartment in Kondapur,Hyderabad,Kondapur,11100000.0,1810 sqft,4 BHK,33300.0,399600.0,119880.0,279720.0,2.52,2220000.0,8880000.0,77062.70312285943,924752.4374743132,-645032.4374743132,-29.05551520154564,-37.0
4 BHK Apartment in Manikonda,Hyderabad,Manikonda,11100000.0,1801 sqft,4 BHK,33300.0,399600.0,119880.0,279720.0,2.52,2220000.0,8880000.0,77062.70312285943,924752.4374743132,-645032.4374743132,-29.05551520154564,-37.0
4 BHK Apartment in Miyapur,Hyderabad,Miyapur,11100000.0,1810 sqft,4 BHK,33300.0,399600.0,119880.0,279720.0,2.52,2220000.0,8880000.0,77062.70312285943,924752.4374743132,-645032.4374743132,-29.05551520154564,-37.0
4 BHK Apartment in Banjara Hills,Hyderabad,Banjara Hills,11100000.0,1801 sqft,4 BHK,33300.0,399600.0,119880.0,279720.0,2.52,2220000.0,8880000.0,77062.70312285943,924752.4374743132,-645032.4374743132,-29.05551520154564,-37.0
5 BHK Apartment in Manikonda,Hyderabad,Manikonda,11100000.0,1801 sqft,5 BHK,33300.0,399600.0,119880.0,279720.0,2.52,2220000.0,8880000.0,77062.70312285943,924752.4374743132,-645032.4374743132,-29.05551520154564,-37.0
5 BHK Apartment in Miyapur,Hyderabad,Miyapur,11100000.0,1810 sqft,5 BHK,33300.0,399600.0,119880.0,279720.0,2.52,2220000.0,8880000.0,77062.70312285943,924752.4374743132,-645032.4374743132,-29.05551520154564,-37.0
5 BHK Apartment in Banjara Hills,Hyderabad,Banjara Hills,11100000.0,1801 sqft,5 BHK,33300.0,399600.0,119880.0,279720.0,2.52,2220000.0,8880000.0,77062.70312285943,924752.4374743132,-645032.4374743132,-29.05551520154564,-37.0
5 BHK Apartment in Jubilee Hills,Hyderabad,Jubilee Hills,11100000.0,1810 sqft,5 BHK,33300.0,399600.0,119880.0,279720.0,2.52,2220000.0,8880000.0,77062.70312285943,924752.4374743132,-645032.4374743132,-29.05551520154564,-37.0
3 BHK Apartment in Miyapur,Hyderabad,Miyapur,11100000.0,1810 sqft,3 BHK,33300.0,399600.0,119880.0,279720.0,2.52,2220000.0,8880000.0,77062.70312285943,924752.4374743132,-645032.4374743132,-29.05551520154564,-37.0
3 BHK Apartment in Banjara Hills,Hyderabad,Banjara Hills,11100000.0,1801 sqft,3 BHK,33300.0,399600.0,119880.0,279720.0,2.52,2220000.0,8880000.0,77062.70312285943,924752.4374743132,-645032.4374743132,-29.05551520154564,-37.0
3 BHK Apartment in Jubilee Hills,Hyderabad,Jubilee Hills,11100000.0,1810 sqft,3 BHK,33300.0,399600.0,119880.0,279720.0,2.52,2220000.0,8880000.0,77062.70312285943,924752.4374743132,-645032.4374743132,-29.05551520154564,-37.0
3 BHK Apartment in Gachibowli,Hyderabad,Gachibowli,11100000.0,1801 sqft,3 BHK,33300.0,399600.0,119880.0,279720.0,2.52,2220000.0,8880000.0,77062.70312285943,924752.4374743132,-645032.4374743132,-29.05551520154564,-37.0
4 BHK Apartment in Hitech City,Hyderabad,Hitech City,13300000.0,1801 sqft,4 BHK,39900.0,478800.0,143640.0,335160.0,2.52,2660000.0,10640000.0,92336.39203009283,1108036.704361114,-772876.704361114,-29.05551520154564,-37.0
4 BHK Apartment in Kondapur,Hyderabad,Kondapur,13300000.0,1810 sqft,4 BHK,39900.0,478800.0,143640.0,335160.0,2.52,2660000.0,10640000.0,92336.39203009283,1108036.704361114,-772876.704361114,-29.05551520154564,-37.0
4 BHK Apartment in Manikonda,Hyderabad,Manikonda,13300000.0,1801 sqft,4 BHK,39900.0,478800.0,143640.0,335160.0,2.52,2660000.0,10640000.0,92336.39203009283,1108036.704361114,-772876.704361114,-29.05551520154564,-37.0
4 BHK Apartment in Miyapur,Hyderabad,Miyapur,13300000.0,1810 sqft,4 BHK,39900.0,478800.0,143640.0,335160.0,2.52,2660000.0,10640000.0,92336.39203009283,1108036.704361114,-772876.704361114,-29.05551520154564,-37.0
4 BHK Apartment in Banjara Hills,Hyderabad,Banjara Hills,13300000.0,1801 sqft,4 BHK,39900.0,478800.0,143640.0,335160.0,2.52,2660000.0,10640000.0,92336.39203009283,1108036.704361114,-772876.704361114,-29.05551520154564,-37.0
5 BHK Apartment in Manikonda,Hyderabad,Manikonda,13300000.0,1801 sqft,5 BHK,39900.0,478800.0,143640.0,335160.0,2.52,2660000.0,10640000.0,92336.39203009283,1108036.704361114,-772876.704361114,-29.05551520154564,-37.0
5 BHK Apartment in Miyapur,Hyderabad,Miyapur,13300000.0,1810 sqft,5 BHK,39900.0,478800.0,143640.0,335160.0,2.52,2660000.0,10640000.0,92336.39203009283,1108036.704361114,-772876.704361114,-29.05551520154564,-37.0
5 BHK Apartment in Banjara Hills,Hyderabad,Banjara Hills,13300000.0,1801 sqft,5 BHK,39900.0,478800.0,143640.0,335160.0,2.52,2660000.0,10640000.0,92336.39203009283,1108036.704361114,-772876.704361114,-29.05551520154564,-37.0
5 BHK Apartment in Jubilee Hills,Hyderabad,Jubilee Hills,13300000.0,1810 sqft,5 BHK,39900.0,478800.0,143640.0,335160.0,2.52,2660000.0,10640000.0,92336.39203009283,1108036.704361114,-772876.704361114,-29.05551520154564,-37.0
3 BHK Apartment in Miyapur,Hyderabad,Miyapur,13300000.0,1810 sqft,3 BHK,39900.0,478800.0,143640.0,335160.0,2.52,2660000.0,10640000.0,92336.39203009283,1108036.704361114,-772876.704361114,-29.05551520154564,-37.0
3 BHK Apartment in Banjara Hills,Hyderabad,Banjara Hills,13300000.0,1801 sqft,3 BHK,39900.0,478800.0,143640.0,335160.0,2.52,2660000.0,10640000.0,92336.39203009283,1108036.704361114,-772876.704361114,-29.05551520154564,-37.0
3 BHK Apartment in Jubilee Hills,Hyderabad,Jubilee Hills,13300000.0,1810 sqft,3 BHK,39900.0,478800.0,143640.0,335160.0,2.52,2660000.0,10640000.0,92336.39203009283,1108036.704361114,-772876.704361114,-29.05551520154564,-37.0
3 BHK Apartment in Gachibowli,Hyderabad,Gachibowli,13300000.0,1801 sqft,3 BHK,39900.0,478800.0,143640.0,335160.0,2.52,2660000.0,10640000.0,92336.39203009283,1108036.704361114,-772876.704361114,-29.05551520154564,-37.0
5 BHK Apartment in Gachibowli,Hyderabad,Gachibowli,13300000.0,1801 sqft,5 BHK,39900.0,478800.0,143640.0,335160.0,2.52,2660000.0,10640000.0,92336.39203009283,1108036.704361114,-772876.704361114,-29.05551520154564,-37.0
5 BHK Apartment in Madhapur,Hyderabad,Madhapur,13300000.0,1810 sqft,5 BHK,39900.0,478800.0,143640.0,335160.0,2.52,2660000.0,10640000.0,92336.39203009283,1108036.704361114,-772876.704361114,-29.05551520154564,-37.0
4 BHK Apartment in Kondapur,Hyderabad,Kondapur,9637000.0,1810 sqft,4 BHK,28911.0,346932.0,104079.59999999999,242852.40000000002,2.5200000000000005,1927400.0,7709600.0,66905.69999954921,802868.3999945906,-560015.9999945905,-29.055515201545635,-37.0
4 BHK Apartment in Manikonda,Hyderabad,Manikonda,9637000.0,1801 sqft,4 BHK,28911.0,346932.0,104079.59999999999,242852.40000000002,2.5200000000000005,1927400.0,7709600.0,66905.69999954921,802868.3999945906,-560015.9999945905,-29.055515201545635,-37.0
4 BHK Apartment in Miyapur,Hyderabad,Miyapur,9637000.0,1810 sqft,4 BHK,28911.0,346932.0,104079.59999999999,242852.40000000002,2.5200000000000005,1927400.0,7709600.0,66905.69999954921,802868.3999945906,-560015.9999945905,-29.055515201545635,-37.0
4 BHK Apartment in Banjara Hills,Hyderabad,Banjara Hills,9637000.0,1801 sqft,4 BHK,28911.0,346932.0,104079.59999999999,242852.40000000002,2.5200000000000005,1927400.0,7709600.0,66905.69999954921,802868.3999945906,-560015.9999945905,-29.055515201545635,-37.0
5 BHK Apartment in Manikonda,Hyderabad,Manikonda,9637000.0,1801 sqft,5 BHK,28911.0,346932.0,104079.59999999999,242852.40000000002,2.5200000000000005,1927400.0,7709600.0,66905.69999954921,802868.3999945906,-560015.9999945905,-29.055515201545635,-37.0
5 BHK Apartment in Miyapur,Hyderabad,Miyapur,9637000.0,1810 sqft,5 BHK,28911.0,346932.0,104079.59999999999,242852.40000000002,2.5200000000000005,1927400.0,7709600.0,66905.69999954921,802868.3999945906,-560015.9999945905,-29.055515201545635,-37.0
5 BHK Apartment in Banjara Hills,Hyderabad,Banjara Hills,9637000.0,1801 sqft,5 BHK,28911.0,346932.0,104079.59999999999,242852.40000000002,2.5200000000000005,1927400.0,7709600.0,66905.69999954921,802868.3999945906,-560015.9999945905,-29.055515201545635,-37.0
5 BHK Apartment in Jubilee Hills,Hyderabad,Jubilee Hills,9637000.0,1810 sqft,5 BHK,28911.0,346932.0,104079.59999999999,242852.40000000002,2.5200000000000005,1927400.0,7709600.0,66905.69999954921,802868.3999945906,-560015.9999945905,-29.055515201545635,-37.0
3 BHK Apartment in Miyapur,Hyderabad,Miyapur,9637000.0,1810 sqft,3 BHK,28911.0,346932.0,104079.59999999999,242852.40000000002,2.5200000000000005,1927400.0,7709600.0,66905.69999954921,802868.3999945906,-560015.9999945905,-29.055515201545635,-37.0
3 BHK Apartment in Banjara Hills,Hyderabad,Banjara Hills,9637000.0,1801 sqft,3 BHK,28911.0,346932.0,104079.59999999999,242852.40000000002,2.5200000000000005,1927400.0,7709600.0,66905.69999954921,802868.3999945906,-560015.9999945905,-29.055515201545635,-37.0
3 BHK Apartment in Jubilee Hills,Hyderabad,Jubilee Hills,9637000.0,1810 sqft,3 BHK,28911.0,346932.0,104079.59999999999,242852.40000000002,2.5200000000000005,1927400.0,7709600.0,66905.69999954921,802868.3999945906,-560015.9999945905,-29.055515201545635,-37.0
3 BHK Apartment in Gachibowli,Hyderabad,Gachibowli,9637000.0,1801 sqft,3 BHK,28911.0,346932.0,104079.59999999999,242852.40000000002,2.5200000000000005,1927400.0,7709600.0,66905.69999954921,802868.3999945906,-560015.9999945905,-29.055515201545635,-37.0
5 BHK Apartment in Gachibowli,Hyderabad,Gachibowli,9637000.0,1801 sqft,5 BHK,28911.0,346932.0,104079.59999999999,242852.40000000002,2.5200000000000005,1927400.0,7709600.0,66905.69999954921,802868.3999945906,-560015.9999945905,-29.055515201545635,-37.0
5 BHK Apartment in Madhapur,Hyderabad,Madhapur,9637000.0,1810 sqft,5 BHK,28911.0,346932.0,104079.59999999999,242852.40000000002,2.5200000000000005,1927400.0,7709600.0,66905.69999954921,802868.3999945906,-560015.9999945905,-29.055515201545635,-37.0
4 BHK Apartment in Jubilee Hills,Hyderabad,Jubilee Hills,9637000.0,1810 sqft,4 BHK,28911.0,346932.0,104079.59999999999,242852.40000000002,2.5200000000000005,1927400.0,7709600.0,66905.69999954921,802868.3999945906,-560015.9999945905,-29.055515201545635,-37.0
4 BHK Apartment in Gachibowli,Hyderabad,Gachibowli,9637000.0,1801 sqft,4 BHK,28911.0,346932.0,104079.59999999999,242852.40000000002,2.5200000000000005,1927400.0,7709600.0,66905.69999954921,802868.3999945906,-560015.9999945905,-29.055515201545635,-37.0
4 BHK Apartment in Madhapur,Hyderabad,Madhapur,9637000.0,1810 sqft,4 BHK,28911.0,346932.0,104079.59999999999,242852.40000000002,2.5200000000000005,1927400.0,7709600.0,66905.69999954921,802868.3999945906,-560015.9999945905,-29.055515201545635,-37.0
4 BHK Apartment in Kukatpally,Hyderabad,Kukatpally,9637000.0,1801 sqft,4 BHK,28911.0,346932.0,104079.59999999999,242852.40000000002,2.5200000000000005,1927400.0,7709600.0,66905.69999954921,802868.3999945906,-560015.9999945905,-29.055515201545635,-37.0
